ID,ColIndex,Width,Alignment,LabelName,SpecialField,TextFormat,
10,0,15,1,Customer Code,,,
115,1,15,2,Gross Sales (Rs),,,
65,3,25,0,Reporting UOM,,,
65,8,21,0,Saleable Stock,,,
160,3,55,2,User Name,,,
11,1,25,0,Vendor Name,,,
50,0,25,1,Vendor,,,
163,1,12,1,Date,,,
137,0,10,1,Credit ID,,,
51,0,10,1,PONumber,,,
268,7,12,1,Chq. Date,,,
233,5,15,1,Contact Person,,,
18,0,10,1,SC Number,,,
66,5,25,2,Damages Value,,,
90,1,25,1,Company,,,
137,3,25,1,Vendor,,,
34,4,8,2,Trade Discount,,,
144,1,12,1,Collection Date,,,
145,0,15,1,Collection ID,,,
163,8,12,1,Cheque Date,,,
6,4,15,1,Capture Price,,,
135,11,10,1,Cheque No,,,
204,9,7,0,Purchase,,,
213,0,10,1,Payment ID,,,
11,4,10,0,Phone,,,
251,6,12,1,Cheque Date,,,
315,1,25,1,CustomerName,,,
190,0,25,1,Salesman Name,,,
140,0,15,1,Bank Code,,,
146,2,25,1,Customer,,,
77,2,77,2,,,,
104,11,39,2,Second Sale CST (RS),,,
198,0,10,1,BillID,,,
224,4,25,2,Value,,,
25,5,6,2,Discount,,,
168,4,20,0,Paid-Up (Days),,,
290,8,15,2,MRP,,,
15,3,10,0,Status,,,
40,3,25,1,Customer,,,
80,1,40,1,Item Name,,,
66,11,25,0,Reporting UOM,,,
67,1,8,0,On Hand Qty,,,
198,8,10,1,Status,,,
204,8,10,2,Op. Value,,,
216,3,25,1,Salesman,,,
216,6,13,2,Amount,,,
224,7,12,1,Cheque Date,,,
204,26,12,1,Date,,,
67,2,12,2,On Hand Value,,,
67,12,15,0,Qty on Hand,,,
232,18,18,2,On Hand Value,,,
117,3,10,0,Quantity,,,
130,1,35,1,Item Name,,,
170,1,35,1,Item Name,,,
211,21,8,0,Closing,,,
55,3,10,0,Conversion,,,
319,1,25,1,Item Name,,,
319,12,12,1,Date,,,
319,16,10,0,Conversion,,,
84,9,12,1,Balance (rs.),,,
188,3,10,0,Quantity,,,
86,16,12,2,Balance,,,
180,3,15,1,Item Code,,,
180,5,13,2,Net Value (Rs),,,
178,1,13,2,Net Value (Rs),,,
186,5,10,1,Invoice Date,,,
109,6,12,2,Value (Rs),,,
99,8,12,2,PurchasePrice,,,
276,8,12,2,Value,,,
25,7,10,1,Status,,,
282,4,12,1,FirstDate,,,
284,1,20,1,No. Of Outlet,,,
294,10,3,2,Oct,,,
95,5,25,1,Item Name,,,
98,5,15,0,Sales Return,,,
98,7,10,0,Free Issues,,,
98,8,15,0,Purchase Return,,,
104,0,20,1,InvoiceID,,,
113,1,15,2,Net Value (Rs),,,
115,3,25,1,Customer Name,,,
115,4,25,2,Gross Sales (Rs),,,
171,3,15,1,Referred By,,,
17,2,12,1,Required Date,,,
17,4,15,2,Value,,,
17,6,25,1,Billing Address,,,
17,7,25,1,Shipping Address,,,
18,6,15,1,PO Reference,,,
21,1,12,1,Reference Number,,,
21,2,12,1,Date,,,
21,4,15,1,Invoice Reference,,,
23,9,12,2,Gr. Value,,,
23,16,12,2,Net Value,,,
42,2,20,2,Avg per Call,,,
25,12,15,2,Payment Details,,,
28,1,20,2,Total Sales (Rs),,,
29,1,20,2,Total Sales,,,
319,19,7,1,PKD,,,
319,22,12,2,Net Value (rs.),,,
34,3,15,2,Gross,,,
36,3,12,1,Delivery Date,,,
38,4,18,2,Gross Value,,,
38,5,6,2,Discount,,,
38,9,10,1,Reference,,,
40,1,10,1,Doc Reference,,,
40,2,10,1,Date,,,
40,11,15,2,Balance,,,
42,5,10,2,Inv. No.,,,
43,6,15,0,Conversion,,,
59,2,12,2,Balance (Rs),,,
59,6,12,1,Date,,,
59,14,10,1,Status,,,
61,5,12,2,Value,,,
61,14,30,1,Item Name,,,
86,4,10,1,Pending,,,
44,5,10,2,Status,,,
46,1,25,1,Item Name,,,
46,5,15,0,Stock Norm,,,
47,4,10,1,,,,
50,1,10,1,PONumber,,,
50,6,15,1,POReference,,,
51,2,10,1,Date,,,
52,1,25,1,Vendor,,,
52,3,13,1,Delivery Date,,,
52,5,10,1,GRNID,,,
54,1,12,1,GRN Date,,,
58,1,25,1,Customer Name,,,
58,2,15,1,Referred By,,,
58,4,10,1,DOB,,,
86,8,10,1,Inv.No.,,,
111,0,10,1,Manufacturer,,,
111,2,35,1,Item Name,,,
63,9,10,1,Doc Ref,,,
64,5,12,2,Value,,,
254,5,8,2,Stock Value,,,
66,2,77,2,On Hand Value,,,
66,9,12,0,On Hand Qty,,,
65,7,25,2,Damages Value,,,
65,14,25,2,On Hand Value,,,
66,15,25,2,Damages Value,,,
254,6,8,2,Tax Suffered,,,
30,17,5,1,PTR,,,
337,6,8,2,Net Tax,,,
141,9,12,2,Pedg. Val,,,
141,22,8,2,Amount,,,
77,5,25,2,,,,
77,11,25,0,,,,
77,12,25,2,,,,
186,0,15,1,Channel Type,,,
196,6,10,2,Tax paid,,,
196,7,10,2,Discount,,,
196,8,10,2,Tax payable,,,
109,2,30,1,Item Name,,,
99,2,10,2,Margin (Rs.),,,
99,4,10,1,Inv. No.,,,
94,2,10,0,Op. Qty,,,
98,4,15,0,Purchase,,,
98,10,15,0,Stock Transfer Out,,,
99,7,12,2,SalePrice,,,
103,0,12,2,Gross Sales,,,
101,2,25,1,Item Name,,,
104,3,39,2,First Sale CST (Rs),,,
104,7,38,1,Item Name,,,
104,8,33,2,First Sale LST (Rs),,,
113,0,25,1,Salesman,,,
113,3,15,1,Item Code,,,
115,0,70,1,Credit Term,,,
117,4,10,1,Value,,,
276,4,12,1,Sale Date,,,
278,3,25,1,Customer,,,
165,4,12,1,Outstand(Rs.),,,
167,1,12,2,Stk. Value,,,
278,0,25,1,Channel,,,
204,3,5,1,UOM,,,
204,32,8,0,Purchase,,,
204,37,8,0,Issues,,,
64,2,16,0,On Hand Qty,,,
290,1,35,1,Item Name,,,
171,12,18,2,Balance,,,
153,1,15,1,Bank,,,
153,4,10,0,Book Start No.,,,
196,13,12,2,Net Sales (rs.),,,
200,13,18,1,OutStanding (Rs),,,
103,1,12,2,Damage Rtn,,,
103,9,12,1,Balance,,,
198,7,10,1,GRNID,,,
198,9,10,1,InvoiceReference,,,
251,11,12,2,Amount (rs.),,,
202,2,25,1,,,,
202,3,13,2,,,,
67,11,25,1,Item Name,,,
67,15,12,2,Value,,,
30,15,7,1,PKD,,,
215,2,15,1,Bank Code,,,
220,2,15,1,WareHouse,,,
226,9,10,1,Account No,,,
232,15,18,0,On Hand Qty,,,
232,17,12,0,On Hand Damage Qty,,,
8,0,25,1,Category Name,,,
94,5,9,0,Age (Days),,,
319,6,10,0,Conversion,,,
147,11,30,1,Customer,,,
152,6,15,0,Last Issued Cheque,,,
98,1,25,1,Item Name,,,
162,3,15,1,Classification,,,
128,0,25,1,Property,,,
163,6,18,2,Current Balance,,,
77,1,12,0,,,,
56,0,15,1,Product_Code,,,
184,5,12,1,Date,,,
184,7,12,2,Balance,,,
88,1,25,1,Company,,,
144,2,25,1,Customer,,,
188,0,25,1,Sales Officer,,,
70,10,10,0,,,,
218,2,8,0,Transfer In,,,
34,2,25,1,Vendor,,,
178,4,10,1,Invoice Date,,,
202,4,8,0,,,,
10,3,20,1,Contact Person,,,
133,5,12,2,Current Balance,,,
10,18,10,1,Credit Limit,,,
135,9,12,1,Account,,,
145,1,12,1,Date,,,
145,2,25,1,Customer,,,
144,4,10,0,Cheque Number,,,
232,19,15,2,On Hand Damages Value,,,
315,9,10,2,Debit,,,
50,8,20,1,Branch,,,
160,0,17,1,AdjustmentID,,,
23,7,20,0,Customer,,,
215,0,15,1,Branch Code,,,
104,5,39,2,Second Sale CST (RS),,,
70,5,10,1,,,,
224,8,12,1,Bank,,,
10,19,10,1,Forum Code,,,
194,0,10,1,Conversion Id,,,
220,4,10,1,User Name,,,
66,12,25,2,On Hand Value,,,
77,13,17,0,,,,
86,5,12,2,Cash Sale,,,
178,0,15,1,Payment Mode,,,
278,8,12,2,Value,,,
25,9,10,1,Memo,,,
113,8,12,2,Amount,,,
26,3,13,1,Delivery Date,,,
319,3,10,2,Second Sale (rs.),,,
319,18,5,1,Batch,,,
34,1,12,1,Invoice Date,,,
36,2,25,1,Vendor,,,
86,12,25,1,Customer,,,
63,1,12,1,Claim Date,,,
65,5,17,0,Free OnHand Qty,,,
65,12,25,0,Conversion Unit,,,
77,16,21,0,,,,
196,1,13,2,Gross Sale,,,
109,4,10,0,Conversion,,,
103,3,12,2,Net Sales,,,
104,2,13,2,First Sale LST (Rs),,,
113,6,12,2,Sale Price,,,
211,14,8,0,Sales,,,
147,1,12,2,Tot. Pending(Rs.),,,
156,2,20,2,Total Sales,,,
160,2,10,1,AdjustmentValue,,,
168,0,20,2,Total Stock Value (rs.),,,
168,3,20,2,Average Monthly Sales (rs.),,,
171,1,10,1,Date,,,
171,2,15,1,Customer,,,
171,6,10,1,Status,,,
171,7,10,1,Invoice Reference,,,
171,8,10,1,Memo,,,
180,1,25,1,Customer Name,,,
99,1,25,1,Item Name,,,
254,3,8,2,Tax Appl.,,,
254,7,12,2,Total Value,,,
30,18,5,1,ECP,,,
32,9,5,2,Disc.,,,
206,1,15,2,Purchase Value,,,
213,4,10,2,Excess Payment,,,
215,3,25,1,Bank Name,,,
218,0,25,1,Item Name,,,
224,6,10,1,Cheque Number,,,
226,6,10,1,Bank,,,
232,14,12,0,Stock Transfer In,,,
9,3,10,0,Quantity,,,
9,4,10,0,Saleable,,,
94,7,14,0,Qty Recd.,,,
55,2,10,0,Qty. Recd.,,,
319,5,10,0,Tot. Qty,,,
147,12,12,2,OutStanding,,,
147,13,12,2,Credit Limit,,,
145,12,10,2,Doc Value,,,
268,4,25,1,Customer,,,
42,0,15,1,Salesman,,,
42,1,20,2,Net Value (Rs),,,
42,3,12,1,Invoice Date,,,
61,18,8,1,Quantity,,,
61,20,12,2,Value,,,
84,5,12,1,Salesman,,,
86,3,12,2,Net Val,,,
119,1,13,0,Total Invoices,,,
121,2,12,2,LST (Rs.),,,
278,5,10,1,Quantity,,,
282,3,25,1,Customer,,,
282,7,10,1,SecondQty,,,
284,0,25,1,Channel,,,
294,0,15,1,description,,,
5,1,30,1,CompanyName,1,1,
6,1,30,1,CompanyName,1,1,
8,1,30,1,CompanyName,1,1,
10,1,30,1,CompanyName,1,1,
12,1,30,1,CompanyName,1,1,
13,1,30,1,CompanyName,1,1,
14,1,30,1,CompanyName,1,1,
15,1,30,1,CompanyName,1,1,
16,1,30,1,CompanyName,1,1,
17,1,30,1,CompanyName,1,1,
18,1,30,1,CompanyName,1,1,
21,1,30,1,CompanyName,1,1,
25,1,30,1,CompanyName,1,1,
26,1,30,1,CompanyName,1,1,
28,1,30,1,CompanyName,1,1,
29,1,30,1,CompanyName,1,1,
30,1,30,1,CompanyName,1,1,
32,1,30,1,CompanyName,1,1,
38,1,30,1,CompanyName,1,1,
40,1,30,1,CompanyName,1,1,
42,1,30,1,CompanyName,1,1,
43,1,30,1,CompanyName,1,1,
44,1,30,1,CompanyName,1,1,
46,1,30,1,CompanyName,1,1,
47,1,30,1,CompanyName,1,1,
48,1,30,1,CompanyName,1,1,
50,1,30,1,CompanyName,1,1,
52,1,30,1,CompanyName,1,1,
54,1,30,1,CompanyName,1,1,
55,1,30,1,CompanyName,1,1,
56,1,30,1,CompanyName,1,1,
58,1,30,1,CompanyName,1,1,
59,1,30,1,CompanyName,1,1,
60,1,30,1,CompanyName,1,1,
61,1,30,1,CompanyName,1,1,
63,1,30,1,CompanyName,1,1,
64,1,30,1,CompanyName,1,1,
65,1,30,1,CompanyName,1,1,
67,1,30,1,CompanyName,1,1,
77,1,30,1,CompanyName,1,1,
84,1,30,1,CompanyName,1,1,
86,1,30,1,CompanyName,1,1,
90,1,30,1,CompanyName,1,1,
94,1,30,1,CompanyName,1,1,
95,1,30,1,CompanyName,1,1,
98,1,30,1,CompanyName,1,1,
99,1,30,1,CompanyName,1,1,
103,1,30,1,CompanyName,1,1,
109,1,30,1,CompanyName,1,1,
111,1,30,1,CompanyName,1,1,
113,1,30,1,CompanyName,1,1,
115,1,30,1,CompanyName,1,1,
117,1,30,1,CompanyName,1,1,
119,1,30,1,CompanyName,1,1,
121,1,30,1,CompanyName,1,1,
124,1,30,1,CompanyName,1,1,
128,1,30,1,CompanyName,1,1,
130,1,30,1,CompanyName,1,1,
133,1,30,1,CompanyName,1,1,
135,1,30,1,CompanyName,1,1,
137,1,30,1,CompanyName,1,1,
139,1,30,1,CompanyName,1,1,
140,1,30,1,CompanyName,1,1,
141,1,30,1,CompanyName,1,1,
143,1,30,1,CompanyName,1,1,
144,1,30,1,CompanyName,1,1,
145,1,30,1,CompanyName,1,1,
146,1,30,1,CompanyName,1,1,
147,1,30,1,CompanyName,1,1,
152,1,30,1,CompanyName,1,1,
158,1,30,1,CompanyName,1,1,
160,1,30,1,CompanyName,1,1,
163,1,30,1,CompanyName,1,1,
165,1,30,1,CompanyName,1,1,
170,1,30,1,CompanyName,1,1,
171,1,30,1,CompanyName,1,1,
173,1,30,1,CompanyName,1,1,
176,1,30,1,CompanyName,1,1,
178,1,30,1,CompanyName,1,1,
180,1,30,1,CompanyName,1,1,
184,1,30,1,CompanyName,1,1,
186,1,30,1,CompanyName,1,1,
65,0,28,1,Category,,,
139,3,25,1,Payment Date,,,
154,0,48,1,Manufacturer Name,,,
63,4,25,1,Vendor Name,,,
66,10,25,0,Conversion Unit,,,
165,0,15,1,Beat,,,
280,5,10,1,Quantity,,,
5,1,40,1,Item Name,,,
113,4,25,1,Item Name,,,
282,6,12,1,SecondDate,,,
131,3,18,0,Pending Order Quantity,,,
138,1,12,1,Date,,,
153,7,10,0,No. Used Cheques,,,
180,4,25,1,Item Name,,,
139,2,12,1,Invoice Date,,,
204,28,8,0,Opening,,,
190,6,10,2,Balance,,,
251,0,15,1,Pay Mode,,,
98,6,15,0,Total Issues,,,
66,13,17,0,Free OnHand Qty,,,
40,4,18,2,Gross Value,,,
232,1,25,1,Item Name,,,
226,11,12,1,Cheque Date,,,
230,0,15,1,PO Number,,,
232,0,15,1,Item Code,,,
12,1,14,1,CreationDate,,,
290,5,15,2,Sale Price,,,
222,4,10,1,Reference,,,
216,4,10,1,Van Id,,,
213,2,45,1,Vendor Name,,,
8,6,35,1,Item Name,,,
182,3,15,2,Total Outstanding,,,
95,2,41,0,Conversion Factor,,,
104,4,39,2,Second Sale LST (RS),,,
126,0,46,1,Manufacturer Name,,,
319,20,7,1,Expiry,,,
38,1,10,1,Doc Reference,,,
44,3,15,1,Value,,,
51,4,15,2,Value,,,
56,1,25,1,ProductName,,,
254,4,12,2,Total,,,
65,1,12,0,On Hand Qty,,,
66,3,17,0,Free OnHand Qty,,,
66,14,17,0,Damages Qty,,,
171,4,9,2,Discount,,,
178,2,10,1,InvoiceID,,,
186,3,25,1,Customer Name,,,
198,10,10,1,Original Bill,,,
251,4,5,1,Bank,,,
135,4,15,1,Vendor,,,
67,0,25,1,Manufacturer,,,
67,13,15,0,COnversion Quantity,,,
32,7,8,2,Tax Amt.,,,
226,1,12,1,Date,,,
94,1,45,1,Item Name,,,
9,6,8,0,Damage,,,
32,12,12,2,Net Amt,,,
141,8,12,2,Over Due,,,
147,0,25,1,Salesman,,,
135,12,12,1,Date,,,
135,17,12,1,Date,,,
153,6,15,0,Last Cheque Used,,,
43,1,30,1,Item Name,,,
84,8,12,2,Value (Rs),,,
119,3,25,1,Free Item Name,,,
280,8,12,2,Value,,,
294,11,3,2,Nov,,,
9,1,30,1,CompanyName,1,1,
11,1,30,1,CompanyName,1,1,
23,1,30,1,CompanyName,1,1,
34,1,30,1,CompanyName,1,1,
36,1,30,1,CompanyName,1,1,
51,1,30,1,CompanyName,1,1,
57,1,30,1,CompanyName,1,1,
66,1,30,1,CompanyName,1,1,
80,1,30,1,CompanyName,1,1,
83,1,30,1,CompanyName,1,1,
88,1,30,1,CompanyName,1,1,
101,1,30,1,CompanyName,1,1,
104,1,30,1,CompanyName,1,1,
116,1,30,1,CompanyName,1,1,
126,1,30,1,CompanyName,1,1,
131,1,30,1,CompanyName,1,1,
138,1,30,1,CompanyName,1,1,
149,1,30,1,CompanyName,1,1,
153,1,30,1,CompanyName,1,1,
154,1,30,1,CompanyName,1,1,
156,1,30,1,CompanyName,1,1,
162,1,30,1,CompanyName,1,1,
167,1,30,1,CompanyName,1,1,
168,1,30,1,CompanyName,1,1,
182,1,30,1,CompanyName,1,1,
188,1,30,1,CompanyName,1,1,
190,1,30,1,CompanyName,1,1,
192,1,30,1,CompanyName,1,1,
194,1,30,1,CompanyName,1,1,
196,1,30,1,CompanyName,1,1,
198,1,30,1,CompanyName,1,1,
200,1,30,1,CompanyName,1,1,
202,1,30,1,CompanyName,1,1,
204,1,30,1,CompanyName,1,1,
206,1,30,1,CompanyName,1,1,
208,1,30,1,CompanyName,1,1,
210,1,30,1,CompanyName,1,1,
211,1,30,1,CompanyName,1,1,
213,1,30,1,CompanyName,1,1,
215,1,30,1,CompanyName,1,1,
216,1,30,1,CompanyName,1,1,
218,1,30,1,CompanyName,1,1,
220,1,30,1,CompanyName,1,1,
222,1,30,1,CompanyName,1,1,
224,1,30,1,CompanyName,1,1,
226,1,30,1,CompanyName,1,1,
228,1,30,1,CompanyName,1,1,
230,1,30,1,CompanyName,1,1,
232,1,30,1,CompanyName,1,1,
233,1,30,1,CompanyName,1,1,
235,1,30,1,CompanyName,1,1,
237,1,30,1,CompanyName,1,1,
238,1,30,1,CompanyName,1,1,
240,1,30,1,CompanyName,1,1,
241,1,30,1,CompanyName,1,1,
242,1,30,1,CompanyName,1,1,
243,1,30,1,CompanyName,1,1,
245,1,30,1,CompanyName,1,1,
247,1,30,1,CompanyName,1,1,
248,1,30,1,CompanyName,1,1,
249,1,30,1,CompanyName,1,1,
250,1,30,1,CompanyName,1,1,
251,1,30,1,CompanyName,1,1,
254,1,30,1,CompanyName,1,1,
255,1,30,1,CompanyName,1,1,
256,1,30,1,CompanyName,1,1,
258,1,30,1,CompanyName,1,1,
260,1,30,1,CompanyName,1,1,
262,1,30,1,CompanyName,1,1,
264,1,30,1,CompanyName,1,1,
266,1,30,1,CompanyName,1,1,
268,1,30,1,CompanyName,1,1,
269,1,30,1,CompanyName,1,1,
271,1,30,1,CompanyName,1,1,
276,1,30,1,CompanyName,1,1,
278,1,30,1,CompanyName,1,1,
280,1,30,1,CompanyName,1,1,
282,1,30,1,CompanyName,1,1,
284,1,30,1,CompanyName,1,1,
290,1,30,1,CompanyName,1,1,
293,1,30,1,CompanyName,1,1,
294,1,30,1,CompanyName,1,1,
295,1,30,1,CompanyName,1,1,
297,1,30,1,CompanyName,1,1,
299,1,30,1,CompanyName,1,1,
300,1,30,1,CompanyName,1,1,
301,1,30,1,CompanyName,1,1,
303,1,30,1,CompanyName,1,1,
305,1,30,1,CompanyName,1,1,
307,1,30,1,CompanyName,1,1,
309,1,30,1,CompanyName,1,1,
313,1,30,1,CompanyName,1,1,
315,1,30,1,CompanyName,1,1,
317,1,30,1,CompanyName,1,1,
319,1,30,1,CompanyName,1,1,
321,1,30,1,CompanyName,1,1,
322,1,30,1,CompanyName,1,1,
324,1,30,1,CompanyName,1,1,
326,1,30,1,CompanyName,1,1,
328,1,30,1,CompanyName,1,1,
329,1,30,1,CompanyName,1,1,
331,1,30,1,CompanyName,1,1,
333,1,30,1,CompanyName,1,1,
334,1,30,1,CompanyName,1,1,
336,1,30,1,CompanyName,1,1,
337,1,30,1,CompanyName,1,1,
339,1,30,1,CompanyName,1,1,
340,1,30,1,CompanyName,1,1,
343,1,30,1,CompanyName,1,1,
344,1,30,1,CompanyName,1,1,
345,1,30,1,CompanyName,1,1,
346,1,30,1,CompanyName,1,1,
347,1,30,1,CompanyName,1,1,
11,0,15,0,VendorID,,,
168,1,20,2,Total Pending (rs.),,,
70,0,13,1,,,,
119,5,18,2,Cost (Rs),,,
40,0,10,1,InvoiceID,,,
61,1,12,1,Claim Date,,,
57,0,15,1,Item Code,,,
133,7,12,1,Cheque Date,,,
139,0,15,1,InvoiceID,,,
165,6,10,1,Inv. No.,,,
117,1,40,1,Item Name,,,
55,7,10,0,Recd. Qty,,,
95,0,25,1,Category Name,,,
115,2,15,1,Customer ID,,,
319,10,5,1,Inv. No.,,,
186,4,10,1,InvoiceID,,,
34,0,10,1,InvoiceID,,,
171,5,18,2,Net Value,,,
144,0,15,1,Collection ID,,,
138,0,10,1,Note Number,,,
138,4,15,2,Note Value,,,
149,3,12,1,Document ID,,,
98,11,15,0,Stock Transfer In,,,
99,9,8,2,Margin,,,
65,16,17,0,Damages Qty,,,
315,11,10,2,Balance,,,
13,0,15,1,Division,,,
15,0,25,1,Description,,,
146,1,12,1,Date,,,
146,6,15,1,Bank,,,
163,10,8,1,Branch,,,
173,2,15,1,CustomerID,,,
184,2,10,0,No. Of Docs.,,,
77,6,21,0,,,,
70,6,10,0,,,,
70,9,10,0,,,,
52,0,10,1,PONumber,,,
60,0,10,1,DispatchID,,,
11,2,15,0,Contact Person,,,
17,0,10,1,PONumber,,,
184,3,17,2,OutStanding Value (Rs),,,
26,0,10,1,PONumber,,,
173,4,10,1,Channel Type,,,
233,0,20,1,Beat,,,
233,3,35,1,Customer Name,,,
233,6,15,1,Salesman,,,
137,2,25,1,Customer,,,
220,1,10,1,Date,,,
169,2,15,0,,,,
171,10,10,1,Payment Mode,,,
171,11,20,1,Payment Details,,,
202,0,25,1,,,,
206,2,21,2,Total Qty,,,
6,0,25,1,Category Name,,,
95,1,41,0,Net Quantity,,,
121,13,12,2,SSLT Total (rs.),,,
70,7,10,0,,,,
25,1,12,1,Date,,,
153,2,20,1,Account No.,,,
215,1,25,1,Branch Name,,,
137,1,12,1,Date,,,
220,3,10,1,Reference,,,
66,6,21,0,Saleable Stock,,,
141,7,12,2,Not Over Due,,,
65,10,24,1,Item Name,,,
280,1,20,1,No. Of Outlets,,,
83,1,25,1,Item Name,,,
232,2,15,0,Opening Quantity,,,
131,2,15,1,Last Sale Date,,,
158,2,13,0,Total Orders,,,
95,4,37,2,Net Value (Rs),,,
98,2,20,0,Opening Quantity,,,
131,4,20,2,Pending Order Value,,,
163,3,15,1,Customer Name,,,
171,0,10,1,InvoiceID,,,
284,5,12,2,Value,,,
38,8,18,2,Net Value,,,
294,1,3,2,Jan,,,
38,11,15,2,Balance,,,
10,4,10,1,Phone,,,
146,4,12,1,Cheque Number,,,
165,8,12,2,Amount,,,
133,3,10,1,Payment Mode,,,
28,0,25,1,Company_Name,,,
133,9,10,1,Branch,,,
44,4,25,1,Balance,,,
135,6,5,1,Mode,,,
198,6,12,2,Net Amount,,,
190,3,10,1,Document Ref,,,
137,5,12,1,Remarks,,,
294,5,3,2,May,,,
29,0,25,1,Company_Name,,,
169,3,15,0,,,,
143,4,18,2,Excess,,,
144,5,15,1,Bank,,,
190,4,25,1,Customer Name,,,
169,7,15,0,,,,
213,1,12,1,Date,,,
204,25,10,2,Clo. Value,,,
169,11,15,0,,,,
216,2,18,1,Beat,,,
232,10,12,0,Free Issues,,,
228,1,12,1,Date,,,
294,8,3,2,Aug,,,
188,2,13,2,Net Value (Rs),,,
230,3,12,1,Delivery Date,,,
232,16,12,0,On Hand Free Qty,,,
251,8,25,1,Customer Name,,,
315,5,12,1,Doc. Date,,,
184,1,25,1,Vendor,,,
294,9,12,2,Sep,,,
276,0,15,1,Channel,,,
98,3,15,2,Opening Value,,,
64,3,16,0,Coversion,,,
276,3,30,1,Customer,,,
276,5,10,0,Qty Of Purchase,,,
141,6,10,1,No of Docs,,,
65,17,25,2,Damages Value,,,
141,23,8,2,Balance,,,
54,3,10,1,PO Numbers,,,
59,12,10,2,Net Value,,,
36,1,12,1,Date,,,
137,4,15,2,Value,,,
8,5,15,1,Item Code,,,
95,8,41,0,Reporting UOM,,,
130,9,12,1,Total Stock,,,
95,9,39,2,Total Value (Rs),,,
163,0,10,1,Collection ID,,,
86,6,12,2,Credit Sale,,,
163,2,15,1,Beat,,,
278,1,20,1,No. Of Outlets,,,
66,4,17,0,Damages Qty,,,
113,7,10,0,Quantity,,,
284,3,30,1,Customer,,,
94,6,14,0,On Hand Qty,,,
51,6,10,1,Branch,,,
18,5,15,1,Branch,,,
138,6,8,1,Status,,,
34,7,15,2,Net,,,
60,2,25,1,Customer,,,
144,3,12,1,Cheque Date,,,
140,1,25,1,Bank Name,,,
171,9,10,1,Branch,,,
77,3,17,0,,,,
21,7,10,1,Status,,,
66,16,21,0,Saleable Stock,,,
54,5,10,1,Branch,,,
77,10,25,0,,,,
144,6,18,2,Amount,,,
146,9,18,2,Amount,,,
152,0,20,1,Bank,,,
104,6,15,1,Item Code,,,
104,9,39,2,First Sale CST (Rs),,,
104,10,39,2,Second Sale LST (RS),,,
152,3,15,1,Cheque Book,,,
156,1,25,1,Customer,,,
169,10,15,0,,,,
176,6,13,2,NetValue,,,
182,2,24,1,Customer,,,
220,6,25,1,Type,,,
194,1,10,1,Date,,,
194,2,10,1,User Name,,,
198,4,12,2,Tax Amount,,,
206,0,25,1,Item Name,,,
216,0,10,1,Van Statment No,,,
216,5,10,1,Van Number,,,
226,7,10,1,Branch,,,
230,5,10,1,GRNID,,,
232,4,12,0,Damage Opening Quantity,,,
232,12,12,0,Adjustments,,,
232,13,12,0,Stock Transfer Out,,,
25,4,13,2,Gross Value,,,
70,8,10,0,,,,
10,17,10,2,Credit Term,,,
226,2,25,1,Vendor Name,,,
228,4,10,1,Doc Ref,,,
230,2,12,1,Date,,,
11,5,10,0,City,,,
13,1,30,1,Manufacturer,,,
196,0,10,1,Date,,,
109,3,10,0,Quantity,,,
64,1,30,1,Item Name,,,
14,1,25,1,Address,,,
14,4,15,1,Target,,,
18,4,15,2,Value,,,
21,3,25,1,Customer,,,
59,4,10,1,Inv. no,,,
152,4,15,0,Book Start No.,,,
176,3,15,1,InvoiceType,,,
141,21,8,1,Date,,,
222,3,12,2,Value,,,
52,4,15,2,Value,,,
52,6,10,1,POReference,,,
30,2,15,1,Vendor,,,
59,10,10,2,Addl Disc.,,,
60,3,13,1,Reference Number,,,
43,5,15,0,Quantity,,,
38,10,10,1,Branch,,,
40,6,6,2,Additional Discount,,,
61,2,10,1,Claim Type,,,
61,19,12,2,Rate,,,
63,2,15,1,Claim Type,,,
133,0,10,1,Collection ID,,,
167,0,30,1,Item Name,,,
66,7,15,1,Item Code,,,
66,0,28,1,Division,,,
160,1,15,1,AdjustmentDate,,,
21,0,10,1,DispatchID,,,
32,5,10,1,Vendor,,,
47,0,15,1,,,,
254,0,10,1,Manufacturer,,,
149,0,115,1,Salesman,,,
268,1,12,1,Date,,,
58,0,15,1,CustomerID,,,
196,3,10,1,Goods Value,,,
36,0,10,1,SC Number,,,
163,5,38,2,Value,,,
145,14,8,2,Adj Amt.,,,
315,2,10,2,Debit,,,
315,8,10,1,Doc Ref,,,
167,2,12,2,Sales,,,
149,4,10,1,Doc Reference,,,
268,10,12,2,Amount,,,
173,3,25,1,Customer Name,,,
233,4,10,1,Channel Type,,,
139,1,10,1,Doc Reference,,,
140,2,6,1,Active,,,
143,3,18,2,Amount,,,
149,5,12,1,Document Date,,,
182,1,31,2,Total Outstanding (Rs),,,
188,1,25,1,Company Name,,,
220,5,13,2,Value,,,
226,5,12,2,Balance,,,
232,9,15,0,Total Issues,,,
14,0,25,1,Salesman,,,
6,1,25,1,Description,,,
6,2,15,1,Parent,,,
23,12,8,2,Discount,,,
86,2,8,2,Discount,,,
54,4,10,1,Doc Ref,,,
63,6,12,1,Settlement Type,,,
59,0,76,1,Customer,,,
38,0,10,1,InvoiceID,,,
47,3,15,0,,,,
84,0,20,1,Beat,,,
94,4,5,1,GRNID,,,
147,14,12,1,Last Paid on,,,
224,0,10,1,Collection ID,,,
95,3,41,0,Reporting UOM,,,
280,4,12,1,Date,,,
124,3,18,2,Trading Margin (Rs.),,,
165,3,10,0,Due Invs.,,,
146,3,6,1,Payment Mode,,,
163,4,6,1,Payment Mode,,,
198,3,12,2,Gross Amount,,,
232,8,12,0,Sales Return,,,
204,1,18,1,Item Name,,,
294,2,3,2,Feb,,,
294,3,3,2,Mar,,,
226,3,10,1,Payment Mode,,,
44,2,12,1,Vendor,,,
163,7,12,1,Cheque Number,,,
10,7,10,1,Area,,,
133,4,25,2,Amount Recd,,,
133,6,10,1,Cheque Number,,,
133,8,10,1,Bank,,,
59,8,12,2,Gross,,,
10,14,10,1,DLNumber21,,,
10,15,10,1,TNGST,,,
198,11,10,1,Branch,,,
200,11,25,1,Customer,,,
145,3,18,2,Amount,,,
178,5,13,2,Net Value (Rs),,,
135,20,12,2,Adj Amount,,,
138,2,25,1,Customer,,,
138,3,25,1,Vendor,,,
139,5,15,2,Amount,,,
145,9,12,1,Date,,,
145,10,10,1,Doc Ref,,,
143,2,25,1,Customer,,,
169,5,15,0,,,,
146,5,12,1,Cheque Date,,,
146,7,12,1,Deposited Date,,,
190,7,10,1,Pay Mode,,,
149,1,18,2,Net Outstanding (Rs),,,
149,2,25,1,Customer,,,
149,6,18,2,Amount,,,
204,45,8,1,Closing,,,
190,8,15,1,Cheque No,,,
149,7,18,2,OutStanding,,,
190,9,12,1,Cheque Date,,,
251,1,12,2,Total,,,
251,12,12,2,Adjusted (rs.),,,
315,3,10,2,Credit,,,
294,12,3,2,Dec,,,
12,0,35,1,Manufacturer Name,,,
30,10,8,0,Qty. Recd.,,,
48,3,25,0,User Name,,,
94,3,20,0,Tot. Qty on Hand,,,
46,6,15,0,Lot Size,,,
98,13,15,0,On Hand Value,,,
190,1,20,2,Total Collections,,,
233,1,10,0,No. of party,,,
56,3,31,0,Total Pending Order,,,
113,2,15,2,Balance (Rs),,,
57,2,31,0,Rejection,,,
124,2,25,1,Item Name,,,
131,1,25,1,Product Name,,,
138,5,15,1,Remarks,,,
139,4,15,2,Customer,,,
36,4,15,2,Value,,,
66,8,24,1,Item Name,,,
52,2,10,1,Date,,,
169,4,15,0,,,,
77,9,12,0,,,,
17,3,20,1,Company_Name,,,
77,14,17,0,,,,
169,8,15,0,,,,
224,3,10,1,Payment Mode,,,
176,0,15,1,User Name,,,
154,2,20,2,Total Sales,,,
156,0,48,1,Brand Name,,,
10,2,15,1,Category,,,
180,0,15,1,CustomerID,,,
192,1,10,1,Date,,,
192,2,10,1,UserName,,,
198,1,12,1,Bill Date,,,
224,5,12,2,Current Balance,,,
70,11,10,0,,,,
10,8,10,1,City,,,
10,9,10,1,State,,,
228,0,15,1,GRN ID,,,
232,3,12,0,Free Opening Quantity,,,
10,1,25,1,Company Name,,,
10,20,10,1,Credit Rating,,,
11,3,15,0,Address,,,
198,2,25,1,Vendor,,,
14,5,25,1,Target Measure,,,
16,0,25,1,Area,,,
17,5,10,1,Status,,,
152,2,10,1,Account No.,,,
154,1,25,1,Customer,,,
176,2,10,1,DocumentID,,,
216,1,10,1,Date,,,
47,2,15,0,,,,
50,4,15,0,Value,,,
51,3,13,1,Delivery Date,,,
222,0,10,1,Stock Transfer ID,,,
222,5,10,1,User Name,,,
52,7,10,1,Branch,,,
59,9,10,2,Discount,,,
26,5,10,1,GRNID,,,
23,2,12,1,Date,,,
43,8,7,1,Invoices,,,
34,6,8,2,Freight,,,
84,1,18,2,Net Value (Rs),,,
198,5,12,2,Adjustment Amount,,,
204,14,7,0,Sales,,,
211,3,8,0,Opening,,,
204,22,7,1,Closing,,,
30,13,10,1,Batch,,,
32,4,5,1,Bill No.,,,
32,10,5,2,Adj.,,,
55,6,12,1,Recd. Date,,,
111,1,20,2,Net Value (Rs),,,
99,5,12,1,Date,,,
103,7,12,2,Net Value,,,
282,0,25,1,Channel,,,
101,3,20,2,Trading Margin (Rs.),,,
113,5,6,1,Batch,,,
124,1,18,2,Trading Margin (Rs.),,,
14,7,25,1,Remarks,,,
15,1,10,2,LST,,,
17,1,12,1,PO Date,,,
25,2,25,1,Customer,,,
25,3,10,1,Referred By,,,
25,6,15,2,Net Value,,,
25,10,10,1,Branch,,,
25,13,20,1,Balance,,,
26,2,10,1,Date,,,
26,7,10,1,Status,,,
26,8,10,1,Branch,,,
30,1,10,1,GRN Date,,,
30,3,5,1,PO No,,,
32,3,12,1,Pay. Date,,,
55,1,30,1,Item Name,,,
40,5,6,2,Discount,,,
40,8,18,2,Net Value,,,
61,4,25,1,Vendor Name,,,
80,2,15,0,Total Quantity,,,
84,6,12,1,Date,,,
84,7,20,1,Customer,,,
46,2,15,0,On Hand Qty,,,
46,4,15,0,OrderQty,,,
47,1,25,1,,,,
48,1,15,1,AdjustmentDate,,,
50,2,12,1,Date,,,
50,3,12,1,Delivery Date,,,
51,5,10,1,POReference,,,
54,2,25,1,Vendor,,,
56,2,14,0,Total Purchase Order,,,
57,1,25,1,Item Name,,,
60,1,12,1,Date,,,
86,15,12,2,Net Value,,,
63,5,13,2,Value,,,
65,2,25,0,Conversion Unit,,,
65,4,25,2,On Hand Value,,,
65,13,25,0,Reporting UOM,,,
77,4,17,0,,,,
77,8,24,1,,,,
119,0,20,1,Description,,,
44,0,13,1,AdjustmentID,,,
46,0,15,1,Item Code,,,
88,0,15,1,CompanyID,,,
77,0,28,1,,,,
254,2,8,2,Tax Suff.,,,
42,6,12,2,Net Value,,,
121,1,10,2,LST %,,,
319,14,15,1,Customer Name,,,
165,10,10,0,Due Days,,,
315,10,10,2,Credit,,,
163,9,20,1,Bank,,,
124,0,46,1,Division,,,
25,0,10,1,InvoiceID,,,
294,7,3,2,Jul,,,
54,0,10,1,GRNID,,,
26,4,15,2,Value,,,
184,6,12,2,Amount,,,
77,7,15,1,,,,
268,6,10,1,Cheque No,,,
90,0,15,1,CompanyID,,,
137,6,8,1,Status,,,
146,8,15,1,Deposited To,,,
228,3,10,1,PO Ref,,,
232,7,15,0,Purchase,,,
70,1,20,1,,,,
5,0,15,1,Item Code,,,
63,0,10,1,Claim ID,,,
109,1,20,2,Net Value (Rs),,,
158,0,87,1,Salesman,,,
48,0,17,1,AdjustmentID,,,
70,12,5,0,,,,
152,5,5,0,No. Leaves,,,
30,9,15,1,Item Name,,,
44,1,25,1,Date,,,
222,1,10,1,Date,,,
146,0,15,1,Collection ID,,,
153,3,15,1,Cheque Book,,,
153,5,10,0,No. Leaves,,,
226,0,10,1,Payment ID,,,
83,0,15,1,Item Code,,,
280,0,25,1,Channel,,,
111,3,10,0,Quantity,,,
282,5,10,1,FirstQty,,,
126,2,25,1,Item Name,,,
165,7,12,1,Date,,,
133,2,25,1,Customer Name,,,
101,0,48,1,Category Name,,,
6,3,15,1,Track Inventory,,,
202,1,15,1,,,,
232,6,15,2,Damage Opening Value,,,
143,1,12,1,Collection Date,,,
294,4,3,2,Apr,,,
133,10,10,1,Status,,,
10,16,10,1,CST,,,
135,7,10,2,Amt. paid,,,
192,0,10,1,Conversion Id,,,
204,5,7,0,Opening,,,
135,19,12,2,Value,,,
169,0,15,1,,,,
130,10,15,2,Total Value,,,
169,6,15,0,,,,
190,5,10,2,Value,,,
213,3,30,2,Value,,,
169,12,15,0,,,,
226,4,15,2,Value,,,
232,11,15,0,Purchase Return,,,
251,10,12,1,Date,,,
315,4,10,2,Balance,,,
70,3,10,1,,,,
67,3,12,2,Tax suffered,,,
14,3,15,1,Status,,,
168,2,20,2,Effective Paid-Up (rs.),,,
169,1,20,1,,,,
135,1,12,1,Date,,,
46,3,15,0,Pending Orders,,,
165,2,25,1,Customer,,,
95,6,20,0,Total Quantity,,,
101,1,20,2,Trading Margin (Rs.),,,
280,3,25,1,Customer,,,
200,12,15,1,Pending Invs.,,,
133,1,12,1,Date,,,
284,4,12,1,Date,,,
126,1,18,2,Trading Margin (Rs.),,,
143,0,15,1,Collection ID,,,
65,18,21,0,Saleable Stock,,,
218,1,8,0,Transfer Out,,,
104,1,10,1,Doc Reference,,,
70,13,5,0,,,,
38,6,6,2,Additional Discount,,,
169,9,15,0,,,,
176,1,91,2,Total Amount,,,
176,5,25,1,Customer Name,,,
178,3,25,1,Customer,,,
226,10,10,1,Cheque Number,,,
10,12,10,1,Discount,,,
10,13,10,1,DLNumber,,,
226,8,10,1,Account Name,,,
228,2,25,1,Vendor,,,
230,1,25,1,Vendor,,,
230,4,15,2,Value,,,
13,2,10,1,Active,,,
13,3,15,1,Creation Date,,,
21,8,10,1,Branch,,,
58,3,50,1,Address,,,
59,1,12,2,Sale (Rs),,,
152,1,15,1,Branch,,,
173,0,25,1,Beat,,,
162,1,35,1,Customer,,,
215,4,10,1,Active,,,
222,2,20,1,WareHouse,,,
224,1,12,1,Date,,,
26,6,10,1,POReference,,,
50,5,10,1,GRNID,,,
42,7,15,2,Lines Per Call,,,
36,5,20,1,PO Reference,,,
40,9,10,1,Original Invoice,,,
40,10,12,1,Branch,,,
30,4,10,1,Doc Ref,,,
232,5,15,2,Opening Value,,,
80,3,12,2,Total Value,,,
84,2,18,2,Balance (Rs),,,
84,4,10,1,Inv. No.,,,
63,3,15,1,VendorID,,,
224,2,25,1,Customer Name,,,
65,9,15,1,Item Code,,,
216,7,10,1,Status,,,
224,9,12,1,Branch,,,
170,2,15,0,Tot. Dmgs,,,
211,10,8,0,Purchase,,,
254,1,12,2,Sales Value,,,
30,14,7,1,Expiry,,,
32,1,12,1,Bill Date,,,
32,6,12,2,Gr. Amount,,,
55,8,10,1,Conversion,,,
319,15,10,0,Quantity,,,
173,1,15,1,Salesman,,,
86,0,20,1,Salesman,,,
86,1,12,2,Value,,,
186,1,13,2,Total Sales (Rs),,,
111,4,10,0,Conversion,,,
180,2,13,2,Net Value (Rs),,,
182,0,25,1,Beat,,,
119,4,10,0,Free Qty,,,
176,4,10,1,Date,,,
77,15,25,2,,,,
282,1,20,1,No. Of Outlets,,,
83,2,18,2,Sales Percentage,,,
294,6,3,2,Jun,,,
126,3,18,2,Trading Margin (Rs.),,,
131,0,15,1,Product Code,,,
6,5,25,1,Property Name,,,
14,6,25,1,Period,,,
15,2,10,2,CST,,,
16,1,10,1,Status,,,
18,1,25,1,Customer,,,
18,2,12,1,SC Date,,,
18,3,13,1,Delivery Date,,,
23,1,12,1,Inv. No.,,,
25,8,10,1,Invoice Reference,,,
25,11,10,1,Payment Mode,,,
26,1,25,1,Vendor,,,
30,16,5,1,PTS,,,
34,5,8,2,Additional Discount,,,
38,2,12,1,Date,,,
38,3,25,1,Customer,,,
38,7,6,2,Freight,,,
40,7,6,2,Freight,,,
43,3,12,2,Sales (Rs.),,,
47,5,10,1,,,,
48,2,98,2,AdjustmentValue,,,
50,7,10,1,Status,,,
51,1,25,1,Vendor,,,
337,0,10,1,Tax Type,,,
337,1,10,2,Pur. Amt.,,,
63,7,12,1,Settlement Date,,,
63,8,12,2,Settlement Value,,,
66,1,12,0,On Hand Qty,,,
65,6,17,0,Damages Qty,,,
65,11,12,0,On Hand Qty,,,
65,15,17,0,Free OnHand Qty,,,
337,5,8,2,Net Pur.,,,
141,5,25,1,Customer namr,,,
141,20,5,1,Inv. No.,,,
186,6,13,2,Total Sales (Rs),,,
109,0,25,1,Division Name,,,
99,6,12,0,Quantity,,,
9,1,38,1,Item Name,,,
8,2,25,1,Parent Category,,,
95,7,41,0,Conversion Factor,,,
98,9,15,0,Adjustments,,,
98,12,15,0,On Hand Qty,,,
103,2,12,2,Sales Rtn,,,
103,5,10,1,Inv. No,,,
121,0,20,1,Tax Description,,,
121,8,35,2,Total CST (Rs.),,,
121,12,12,2,Second Sale,,,
211,1,35,1,Item Name,,,
167,3,12,2,Avg. Sales,,,
141,24,10,0,Due Days,,,
278,4,12,1,Date,,,
158,1,18,2,Net Value (Rs),,,
162,2,18,2,Total Sales (Rs.),,,
165,9,12,2,Balance,,,
167,4,12,2,Pipeline Days,,,
276,1,15,1,No. Of Outlets,,,
348,1,30,1,CompanyName,1,1,
350,1,30,1,CompanyName,1,1,
351,1,30,1,CompanyName,1,1,
353,1,30,1,CompanyName,1,1,
354,1,30,1,CompanyName,1,1,
355,1,30,1,CompanyName,1,1,
356,1,30,1,CompanyName,1,1,
358,1,30,1,CompanyName,1,1,
359,1,30,1,CompanyName,1,1,
361,1,30,1,CompanyName,1,1,
363,1,30,1,CompanyName,1,1,
366,1,30,1,CompanyName,1,1,
368,1,30,1,CompanyName,1,1,
370,1,30,1,CompanyName,1,1,
372,1,30,1,CompanyName,1,1,
377,1,30,1,CompanyName,1,1,
379,1,30,1,CompanyName,1,1,
380,1,30,1,CompanyName,1,1,
381,1,30,1,CompanyName,1,1,
382,1,30,1,CompanyName,1,1,
383,1,30,1,CompanyName,1,1,
384,1,30,1,CompanyName,1,1,
386,1,30,1,CompanyName,1,1,
387,1,30,1,CompanyName,1,1,
388,1,30,1,CompanyName,1,1,
390,1,30,1,CompanyName,1,1,
391,1,30,1,CompanyName,1,1,
392,1,30,1,CompanyName,1,1,
394,1,30,1,CompanyName,1,1,
400,1,30,1,CompanyName,1,1,
418,1,30,1,CompanyName,1,1,
426,1,30,1,CompanyName,1,1,
5,2,50,1,Address,1,0,
6,2,50,1,Address,1,0,
8,2,50,1,Address,1,0,
9,2,50,1,Address,1,0,
10,2,50,1,Address,1,0,
11,2,50,1,Address,1,0,
12,2,50,1,Address,1,0,
13,2,50,1,Address,1,0,
14,2,50,1,Address,1,0,
15,2,50,1,Address,1,0,
16,2,50,1,Address,1,0,
17,2,50,1,Address,1,0,
18,2,50,1,Address,1,0,
21,2,50,1,Address,1,0,
23,2,50,1,Address,1,0,
25,2,50,1,Address,1,0,
26,2,50,1,Address,1,0,
28,2,50,1,Address,1,0,
29,2,50,1,Address,1,0,
30,2,50,1,Address,1,0,
32,2,50,1,Address,1,0,
34,2,50,1,Address,1,0,
36,2,50,1,Address,1,0,
38,2,50,1,Address,1,0,
40,2,50,1,Address,1,0,
42,2,50,1,Address,1,0,
43,2,50,1,Address,1,0,
44,2,50,1,Address,1,0,
46,2,50,1,Address,1,0,
47,2,50,1,Address,1,0,
48,2,50,1,Address,1,0,
50,2,50,1,Address,1,0,
51,2,50,1,Address,1,0,
52,2,50,1,Address,1,0,
54,2,50,1,Address,1,0,
55,2,50,1,Address,1,0,
56,2,50,1,Address,1,0,
57,2,50,1,Address,1,0,
58,2,50,1,Address,1,0,
59,2,50,1,Address,1,0,
60,2,50,1,Address,1,0,
61,2,50,1,Address,1,0,
63,2,50,1,Address,1,0,
64,2,50,1,Address,1,0,
65,2,50,1,Address,1,0,
66,2,50,1,Address,1,0,
67,2,50,1,Address,1,0,
77,2,50,1,Address,1,0,
80,2,50,1,Address,1,0,
83,2,50,1,Address,1,0,
84,2,50,1,Address,1,0,
86,2,50,1,Address,1,0,
88,2,50,1,Address,1,0,
90,2,50,1,Address,1,0,
94,2,50,1,Address,1,0,
95,2,50,1,Address,1,0,
98,2,50,1,Address,1,0,
99,2,50,1,Address,1,0,
101,2,50,1,Address,1,0,
103,2,50,1,Address,1,0,
104,2,50,1,Address,1,0,
109,2,50,1,Address,1,0,
111,2,50,1,Address,1,0,
113,2,50,1,Address,1,0,
115,2,50,1,Address,1,0,
116,2,50,1,Address,1,0,
117,2,50,1,Address,1,0,
119,2,50,1,Address,1,0,
121,2,50,1,Address,1,0,
124,2,50,1,Address,1,0,
126,2,50,1,Address,1,0,
128,2,50,1,Address,1,0,
130,2,50,1,Address,1,0,
131,2,50,1,Address,1,0,
133,2,50,1,Address,1,0,
135,2,50,1,Address,1,0,
137,2,50,1,Address,1,0,
138,2,50,1,Address,1,0,
139,2,50,1,Address,1,0,
140,2,50,1,Address,1,0,
141,2,50,1,Address,1,0,
143,2,50,1,Address,1,0,
144,2,50,1,Address,1,0,
145,2,50,1,Address,1,0,
146,2,50,1,Address,1,0,
147,2,50,1,Address,1,0,
149,2,50,1,Address,1,0,
152,2,50,1,Address,1,0,
153,2,50,1,Address,1,0,
154,2,50,1,Address,1,0,
156,2,50,1,Address,1,0,
158,2,50,1,Address,1,0,
160,2,50,1,Address,1,0,
162,2,50,1,Address,1,0,
163,2,50,1,Address,1,0,
165,2,50,1,Address,1,0,
167,2,50,1,Address,1,0,
168,2,50,1,Address,1,0,
170,2,50,1,Address,1,0,
171,2,50,1,Address,1,0,
173,2,50,1,Address,1,0,
176,2,50,1,Address,1,0,
178,2,50,1,Address,1,0,
180,2,50,1,Address,1,0,
182,2,50,1,Address,1,0,
184,2,50,1,Address,1,0,
186,2,50,1,Address,1,0,
188,2,50,1,Address,1,0,
190,2,50,1,Address,1,0,
192,2,50,1,Address,1,0,
194,2,50,1,Address,1,0,
196,2,50,1,Address,1,0,
198,2,50,1,Address,1,0,
200,2,50,1,Address,1,0,
202,2,50,1,Address,1,0,
204,2,50,1,Address,1,0,
206,2,50,1,Address,1,0,
208,2,50,1,Address,1,0,
210,2,50,1,Address,1,0,
211,2,50,1,Address,1,0,
213,2,50,1,Address,1,0,
215,2,50,1,Address,1,0,
216,2,50,1,Address,1,0,
218,2,50,1,Address,1,0,
220,2,50,1,Address,1,0,
222,2,50,1,Address,1,0,
224,2,50,1,Address,1,0,
226,2,50,1,Address,1,0,
228,2,50,1,Address,1,0,
230,2,50,1,Address,1,0,
232,2,50,1,Address,1,0,
233,2,50,1,Address,1,0,
235,2,50,1,Address,1,0,
237,2,50,1,Address,1,0,
238,2,50,1,Address,1,0,
240,2,50,1,Address,1,0,
241,2,50,1,Address,1,0,
242,2,50,1,Address,1,0,
243,2,50,1,Address,1,0,
245,2,50,1,Address,1,0,
247,2,50,1,Address,1,0,
248,2,50,1,Address,1,0,
249,2,50,1,Address,1,0,
250,2,50,1,Address,1,0,
251,2,50,1,Address,1,0,
254,2,50,1,Address,1,0,
255,2,50,1,Address,1,0,
256,2,50,1,Address,1,0,
258,2,50,1,Address,1,0,
260,2,50,1,Address,1,0,
262,2,50,1,Address,1,0,
264,2,50,1,Address,1,0,
266,2,50,1,Address,1,0,
268,2,50,1,Address,1,0,
269,2,50,1,Address,1,0,
271,2,50,1,Address,1,0,
276,2,50,1,Address,1,0,
278,2,50,1,Address,1,0,
280,2,50,1,Address,1,0,
282,2,50,1,Address,1,0,
284,2,50,1,Address,1,0,
290,2,50,1,Address,1,0,
293,2,50,1,Address,1,0,
294,2,50,1,Address,1,0,
295,2,50,1,Address,1,0,
297,2,50,1,Address,1,0,
299,2,50,1,Address,1,0,
300,2,50,1,Address,1,0,
301,2,50,1,Address,1,0,
303,2,50,1,Address,1,0,
305,2,50,1,Address,1,0,
307,2,50,1,Address,1,0,
309,2,50,1,Address,1,0,
313,2,50,1,Address,1,0,
315,2,50,1,Address,1,0,
317,2,50,1,Address,1,0,
319,2,50,1,Address,1,0,
321,2,50,1,Address,1,0,
322,2,50,1,Address,1,0,
324,2,50,1,Address,1,0,
326,2,50,1,Address,1,0,
328,2,50,1,Address,1,0,
329,2,50,1,Address,1,0,
331,2,50,1,Address,1,0,
333,2,50,1,Address,1,0,
334,2,50,1,Address,1,0,
336,2,50,1,Address,1,0,
337,2,50,1,Address,1,0,
339,2,50,1,Address,1,0,
340,2,50,1,Address,1,0,
343,2,50,1,Address,1,0,
344,2,50,1,Address,1,0,
345,2,50,1,Address,1,0,
346,2,50,1,Address,1,0,
347,2,50,1,Address,1,0,
348,2,50,1,Address,1,0,
350,2,50,1,Address,1,0,
351,2,50,1,Address,1,0,
353,2,50,1,Address,1,0,
354,2,50,1,Address,1,0,
355,2,50,1,Address,1,0,
356,2,50,1,Address,1,0,
358,2,50,1,Address,1,0,
359,2,50,1,Address,1,0,
361,2,50,1,Address,1,0,
363,2,50,1,Address,1,0,
366,2,50,1,Address,1,0,
368,2,50,1,Address,1,0,
370,2,50,1,Address,1,0,
372,2,50,1,Address,1,0,
377,2,50,1,Address,1,0,
379,2,50,1,Address,1,0,
380,2,50,1,Address,1,0,
381,2,50,1,Address,1,0,
382,2,50,1,Address,1,0,
383,2,50,1,Address,1,0,
384,2,50,1,Address,1,0,
386,2,50,1,Address,1,0,
387,2,50,1,Address,1,0,
388,2,50,1,Address,1,0,
390,2,50,1,Address,1,0,
391,2,50,1,Address,1,0,
392,2,50,1,Address,1,0,
394,2,50,1,Address,1,0,
400,2,50,1,Address,1,0,
418,2,50,1,Address,1,0,
426,2,50,1,Address,1,0,
5,3,30,1,ReportName,1,0,
6,3,30,1,ReportName,1,0,
8,3,30,1,ReportName,1,0,
9,3,30,1,ReportName,1,0,
10,3,30,1,ReportName,1,0,
11,3,30,1,ReportName,1,0,
12,3,30,1,ReportName,1,0,
13,3,30,1,ReportName,1,0,
14,3,30,1,ReportName,1,0,
15,3,30,1,ReportName,1,0,
16,3,30,1,ReportName,1,0,
17,3,30,1,ReportName,1,0,
18,3,30,1,ReportName,1,0,
21,3,30,1,ReportName,1,0,
23,3,30,1,ReportName,1,0,
25,3,30,1,ReportName,1,0,
26,3,30,1,ReportName,1,0,
28,3,30,1,ReportName,1,0,
29,3,30,1,ReportName,1,0,
30,3,30,1,ReportName,1,0,
32,3,30,1,ReportName,1,0,
34,3,30,1,ReportName,1,0,
36,3,30,1,ReportName,1,0,
38,3,30,1,ReportName,1,0,
40,3,30,1,ReportName,1,0,
42,3,30,1,ReportName,1,0,
43,3,30,1,ReportName,1,0,
44,3,30,1,ReportName,1,0,
46,3,30,1,ReportName,1,0,
47,3,30,1,ReportName,1,0,
48,3,30,1,ReportName,1,0,
50,3,30,1,ReportName,1,0,
51,3,30,1,ReportName,1,0,
52,3,30,1,ReportName,1,0,
54,3,30,1,ReportName,1,0,
55,3,30,1,ReportName,1,0,
56,3,30,1,ReportName,1,0,
57,3,30,1,ReportName,1,0,
58,3,30,1,ReportName,1,0,
59,3,30,1,ReportName,1,0,
60,3,30,1,ReportName,1,0,
61,3,30,1,ReportName,1,0,
63,3,30,1,ReportName,1,0,
64,3,30,1,ReportName,1,0,
65,3,30,1,ReportName,1,0,
66,3,30,1,ReportName,1,0,
67,3,30,1,ReportName,1,0,
77,3,30,1,ReportName,1,0,
80,3,30,1,ReportName,1,0,
83,3,30,1,ReportName,1,0,
84,3,30,1,ReportName,1,0,
86,3,30,1,ReportName,1,0,
88,3,30,1,ReportName,1,0,
90,3,30,1,ReportName,1,0,
94,3,30,1,ReportName,1,0,
95,3,30,1,ReportName,1,0,
98,3,30,1,ReportName,1,0,
99,3,30,1,ReportName,1,0,
101,3,30,1,ReportName,1,0,
103,3,30,1,ReportName,1,0,
104,3,30,1,ReportName,1,0,
109,3,30,1,ReportName,1,0,
111,3,30,1,ReportName,1,0,
113,3,30,1,ReportName,1,0,
115,3,30,1,ReportName,1,0,
116,3,30,1,ReportName,1,0,
117,3,30,1,ReportName,1,0,
119,3,30,1,ReportName,1,0,
121,3,30,1,ReportName,1,0,
124,3,30,1,ReportName,1,0,
126,3,30,1,ReportName,1,0,
128,3,30,1,ReportName,1,0,
130,3,30,1,ReportName,1,0,
131,3,30,1,ReportName,1,0,
133,3,30,1,ReportName,1,0,
135,3,30,1,ReportName,1,0,
137,3,30,1,ReportName,1,0,
138,3,30,1,ReportName,1,0,
139,3,30,1,ReportName,1,0,
140,3,30,1,ReportName,1,0,
141,3,30,1,ReportName,1,0,
143,3,30,1,ReportName,1,0,
144,3,30,1,ReportName,1,0,
145,3,30,1,ReportName,1,0,
146,3,30,1,ReportName,1,0,
147,3,30,1,ReportName,1,0,
149,3,30,1,ReportName,1,0,
152,3,30,1,ReportName,1,0,
153,3,30,1,ReportName,1,0,
154,3,30,1,ReportName,1,0,
156,3,30,1,ReportName,1,0,
158,3,30,1,ReportName,1,0,
160,3,30,1,ReportName,1,0,
162,3,30,1,ReportName,1,0,
163,3,30,1,ReportName,1,0,
165,3,30,1,ReportName,1,0,
167,3,30,1,ReportName,1,0,
168,3,30,1,ReportName,1,0,
170,3,30,1,ReportName,1,0,
171,3,30,1,ReportName,1,0,
173,3,30,1,ReportName,1,0,
176,3,30,1,ReportName,1,0,
178,3,30,1,ReportName,1,0,
180,3,30,1,ReportName,1,0,
182,3,30,1,ReportName,1,0,
184,3,30,1,ReportName,1,0,
186,3,30,1,ReportName,1,0,
188,3,30,1,ReportName,1,0,
190,3,30,1,ReportName,1,0,
192,3,30,1,ReportName,1,0,
194,3,30,1,ReportName,1,0,
196,3,30,1,ReportName,1,0,
198,3,30,1,ReportName,1,0,
200,3,30,1,ReportName,1,0,
202,3,30,1,ReportName,1,0,
204,3,30,1,ReportName,1,0,
206,3,30,1,ReportName,1,0,
208,3,30,1,ReportName,1,0,
210,3,30,1,ReportName,1,0,
211,3,30,1,ReportName,1,0,
213,3,30,1,ReportName,1,0,
215,3,30,1,ReportName,1,0,
216,3,30,1,ReportName,1,0,
218,3,30,1,ReportName,1,0,
220,3,30,1,ReportName,1,0,
222,3,30,1,ReportName,1,0,
224,3,30,1,ReportName,1,0,
226,3,30,1,ReportName,1,0,
228,3,30,1,ReportName,1,0,
230,3,30,1,ReportName,1,0,
232,3,30,1,ReportName,1,0,
233,3,30,1,ReportName,1,0,
235,3,30,1,ReportName,1,0,
237,3,30,1,ReportName,1,0,
238,3,30,1,ReportName,1,0,
240,3,30,1,ReportName,1,0,
241,3,30,1,ReportName,1,0,
242,3,30,1,ReportName,1,0,
243,3,30,1,ReportName,1,0,
245,3,30,1,ReportName,1,0,
247,3,30,1,ReportName,1,0,
248,3,30,1,ReportName,1,0,
249,3,30,1,ReportName,1,0,
250,3,30,1,ReportName,1,0,
251,3,30,1,ReportName,1,0,
254,3,30,1,ReportName,1,0,
255,3,30,1,ReportName,1,0,
256,3,30,1,ReportName,1,0,
258,3,30,1,ReportName,1,0,
260,3,30,1,ReportName,1,0,
262,3,30,1,ReportName,1,0,
264,3,30,1,ReportName,1,0,
266,3,30,1,ReportName,1,0,
268,3,30,1,ReportName,1,0,
269,3,30,1,ReportName,1,0,
271,3,30,1,ReportName,1,0,
276,3,30,1,ReportName,1,0,
278,3,30,1,ReportName,1,0,
280,3,30,1,ReportName,1,0,
282,3,30,1,ReportName,1,0,
284,3,30,1,ReportName,1,0,
290,3,30,1,ReportName,1,0,
293,3,30,1,ReportName,1,0,
294,3,30,1,ReportName,1,0,
295,3,30,1,ReportName,1,0,
297,3,30,1,ReportName,1,0,
299,3,30,1,ReportName,1,0,
300,3,30,1,ReportName,1,0,
301,3,30,1,ReportName,1,0,
303,3,30,1,ReportName,1,0,
305,3,30,1,ReportName,1,0,
307,3,30,1,ReportName,1,0,
309,3,30,1,ReportName,1,0,
313,3,30,1,ReportName,1,0,
315,3,30,1,ReportName,1,0,
317,3,30,1,ReportName,1,0,
319,3,30,1,ReportName,1,0,
321,3,30,1,ReportName,1,0,
322,3,30,1,ReportName,1,0,
324,3,30,1,ReportName,1,0,
326,3,30,1,ReportName,1,0,
328,3,30,1,ReportName,1,0,
329,3,30,1,ReportName,1,0,
331,3,30,1,ReportName,1,0,
333,3,30,1,ReportName,1,0,
334,3,30,1,ReportName,1,0,
336,3,30,1,ReportName,1,0,
337,3,30,1,ReportName,1,0,
339,3,30,1,ReportName,1,0,
340,3,30,1,ReportName,1,0,
343,3,30,1,ReportName,1,0,
344,3,30,1,ReportName,1,0,
345,3,30,1,ReportName,1,0,
346,3,30,1,ReportName,1,0,
347,3,30,1,ReportName,1,0,
348,3,30,1,ReportName,1,0,
350,3,30,1,ReportName,1,0,
351,3,30,1,ReportName,1,0,
353,3,30,1,ReportName,1,0,
354,3,30,1,ReportName,1,0,
355,3,30,1,ReportName,1,0,
356,3,30,1,ReportName,1,0,
358,3,30,1,ReportName,1,0,
359,3,30,1,ReportName,1,0,
361,3,30,1,ReportName,1,0,
363,3,30,1,ReportName,1,0,
366,3,30,1,ReportName,1,0,
368,3,30,1,ReportName,1,0,
370,3,30,1,ReportName,1,0,
372,3,30,1,ReportName,1,0,
377,3,30,1,ReportName,1,0,
379,3,30,1,ReportName,1,0,
380,3,30,1,ReportName,1,0,
381,3,30,1,ReportName,1,0,
382,3,30,1,ReportName,1,0,
383,3,30,1,ReportName,1,0,
384,3,30,1,ReportName,1,0,
386,3,30,1,ReportName,1,0,
387,3,30,1,ReportName,1,0,
388,3,30,1,ReportName,1,0,
390,3,30,1,ReportName,1,0,
391,3,30,1,ReportName,1,0,
392,3,30,1,ReportName,1,0,
394,3,30,1,ReportName,1,0,
400,3,30,1,ReportName,1,0,
418,3,30,1,ReportName,1,0,
426,3,30,1,ReportName,1,0,
5,4,30,1,Parameters,1,0,
6,4,30,1,Parameters,1,0,
8,4,30,1,Parameters,1,0,
9,4,30,1,Parameters,1,0,
10,4,30,1,Parameters,1,0,
11,4,30,1,Parameters,1,0,
12,4,30,1,Parameters,1,0,
13,4,30,1,Parameters,1,0,
14,4,30,1,Parameters,1,0,
15,4,30,1,Parameters,1,0,
16,4,30,1,Parameters,1,0,
17,4,30,1,Parameters,1,0,
18,4,30,1,Parameters,1,0,
21,4,30,1,Parameters,1,0,
23,4,30,1,Parameters,1,0,
25,4,30,1,Parameters,1,0,
26,4,30,1,Parameters,1,0,
28,4,30,1,Parameters,1,0,
29,4,30,1,Parameters,1,0,
30,4,30,1,Parameters,1,0,
32,4,30,1,Parameters,1,0,
34,4,30,1,Parameters,1,0,
36,4,30,1,Parameters,1,0,
38,4,30,1,Parameters,1,0,
40,4,30,1,Parameters,1,0,
42,4,30,1,Parameters,1,0,
43,4,30,1,Parameters,1,0,
44,4,30,1,Parameters,1,0,
46,4,30,1,Parameters,1,0,
47,4,30,1,Parameters,1,0,
48,4,30,1,Parameters,1,0,
50,4,30,1,Parameters,1,0,
51,4,30,1,Parameters,1,0,
52,4,30,1,Parameters,1,0,
54,4,30,1,Parameters,1,0,
55,4,30,1,Parameters,1,0,
56,4,30,1,Parameters,1,0,
57,4,30,1,Parameters,1,0,
58,4,30,1,Parameters,1,0,
59,4,30,1,Parameters,1,0,
60,4,30,1,Parameters,1,0,
61,4,30,1,Parameters,1,0,
63,4,30,1,Parameters,1,0,
64,4,30,1,Parameters,1,0,
65,4,30,1,Parameters,1,0,
66,4,30,1,Parameters,1,0,
67,4,30,1,Parameters,1,0,
77,4,30,1,Parameters,1,0,
80,4,30,1,Parameters,1,0,
83,4,30,1,Parameters,1,0,
84,4,30,1,Parameters,1,0,
86,4,30,1,Parameters,1,0,
88,4,30,1,Parameters,1,0,
90,4,30,1,Parameters,1,0,
94,4,30,1,Parameters,1,0,
95,4,30,1,Parameters,1,0,
98,4,30,1,Parameters,1,0,
99,4,30,1,Parameters,1,0,
101,4,30,1,Parameters,1,0,
103,4,30,1,Parameters,1,0,
104,4,30,1,Parameters,1,0,
109,4,30,1,Parameters,1,0,
111,4,30,1,Parameters,1,0,
113,4,30,1,Parameters,1,0,
115,4,30,1,Parameters,1,0,
116,4,30,1,Parameters,1,0,
117,4,30,1,Parameters,1,0,
119,4,30,1,Parameters,1,0,
121,4,30,1,Parameters,1,0,
124,4,30,1,Parameters,1,0,
126,4,30,1,Parameters,1,0,
128,4,30,1,Parameters,1,0,
130,4,30,1,Parameters,1,0,
131,4,30,1,Parameters,1,0,
133,4,30,1,Parameters,1,0,
135,4,30,1,Parameters,1,0,
137,4,30,1,Parameters,1,0,
138,4,30,1,Parameters,1,0,
139,4,30,1,Parameters,1,0,
140,4,30,1,Parameters,1,0,
141,4,30,1,Parameters,1,0,
143,4,30,1,Parameters,1,0,
144,4,30,1,Parameters,1,0,
145,4,30,1,Parameters,1,0,
146,4,30,1,Parameters,1,0,
147,4,30,1,Parameters,1,0,
149,4,30,1,Parameters,1,0,
152,4,30,1,Parameters,1,0,
153,4,30,1,Parameters,1,0,
154,4,30,1,Parameters,1,0,
156,4,30,1,Parameters,1,0,
158,4,30,1,Parameters,1,0,
160,4,30,1,Parameters,1,0,
162,4,30,1,Parameters,1,0,
163,4,30,1,Parameters,1,0,
165,4,30,1,Parameters,1,0,
167,4,30,1,Parameters,1,0,
168,4,30,1,Parameters,1,0,
170,4,30,1,Parameters,1,0,
171,4,30,1,Parameters,1,0,
173,4,30,1,Parameters,1,0,
176,4,30,1,Parameters,1,0,
178,4,30,1,Parameters,1,0,
180,4,30,1,Parameters,1,0,
182,4,30,1,Parameters,1,0,
184,4,30,1,Parameters,1,0,
186,4,30,1,Parameters,1,0,
188,4,30,1,Parameters,1,0,
190,4,30,1,Parameters,1,0,
192,4,30,1,Parameters,1,0,
194,4,30,1,Parameters,1,0,
196,4,30,1,Parameters,1,0,
198,4,30,1,Parameters,1,0,
200,4,30,1,Parameters,1,0,
202,4,30,1,Parameters,1,0,
204,4,30,1,Parameters,1,0,
206,4,30,1,Parameters,1,0,
208,4,30,1,Parameters,1,0,
210,4,30,1,Parameters,1,0,
211,4,30,1,Parameters,1,0,
213,4,30,1,Parameters,1,0,
215,4,30,1,Parameters,1,0,
216,4,30,1,Parameters,1,0,
218,4,30,1,Parameters,1,0,
220,4,30,1,Parameters,1,0,
222,4,30,1,Parameters,1,0,
224,4,30,1,Parameters,1,0,
226,4,30,1,Parameters,1,0,
228,4,30,1,Parameters,1,0,
230,4,30,1,Parameters,1,0,
232,4,30,1,Parameters,1,0,
233,4,30,1,Parameters,1,0,
235,4,30,1,Parameters,1,0,
237,4,30,1,Parameters,1,0,
238,4,30,1,Parameters,1,0,
240,4,30,1,Parameters,1,0,
241,4,30,1,Parameters,1,0,
242,4,30,1,Parameters,1,0,
243,4,30,1,Parameters,1,0,
245,4,30,1,Parameters,1,0,
247,4,30,1,Parameters,1,0,
248,4,30,1,Parameters,1,0,
249,4,30,1,Parameters,1,0,
250,4,30,1,Parameters,1,0,
251,4,30,1,Parameters,1,0,
254,4,30,1,Parameters,1,0,
255,4,30,1,Parameters,1,0,
256,4,30,1,Parameters,1,0,
258,4,30,1,Parameters,1,0,
260,4,30,1,Parameters,1,0,
262,4,30,1,Parameters,1,0,
264,4,30,1,Parameters,1,0,
266,4,30,1,Parameters,1,0,
268,4,30,1,Parameters,1,0,
269,4,30,1,Parameters,1,0,
271,4,30,1,Parameters,1,0,
276,4,30,1,Parameters,1,0,
278,4,30,1,Parameters,1,0,
280,4,30,1,Parameters,1,0,
282,4,30,1,Parameters,1,0,
284,4,30,1,Parameters,1,0,
290,4,30,1,Parameters,1,0,
293,4,30,1,Parameters,1,0,
294,4,30,1,Parameters,1,0,
295,4,30,1,Parameters,1,0,
297,4,30,1,Parameters,1,0,
299,4,30,1,Parameters,1,0,
300,4,30,1,Parameters,1,0,
301,4,30,1,Parameters,1,0,
303,4,30,1,Parameters,1,0,
305,4,30,1,Parameters,1,0,
307,4,30,1,Parameters,1,0,
309,4,30,1,Parameters,1,0,
313,4,30,1,Parameters,1,0,
315,4,30,1,Parameters,1,0,
317,4,30,1,Parameters,1,0,
319,4,30,1,Parameters,1,0,
321,4,30,1,Parameters,1,0,
322,4,30,1,Parameters,1,0,
324,4,30,1,Parameters,1,0,
326,4,30,1,Parameters,1,0,
328,4,30,1,Parameters,1,0,
329,4,30,1,Parameters,1,0,
331,4,30,1,Parameters,1,0,
333,4,30,1,Parameters,1,0,
334,4,30,1,Parameters,1,0,
336,4,30,1,Parameters,1,0,
337,4,30,1,Parameters,1,0,
339,4,30,1,Parameters,1,0,
340,4,30,1,Parameters,1,0,
343,4,30,1,Parameters,1,0,
344,4,30,1,Parameters,1,0,
345,4,30,1,Parameters,1,0,
346,4,30,1,Parameters,1,0,
347,4,30,1,Parameters,1,0,
348,4,30,1,Parameters,1,0,
350,4,30,1,Parameters,1,0,
351,4,30,1,Parameters,1,0,
353,4,30,1,Parameters,1,0,
354,4,30,1,Parameters,1,0,
355,4,30,1,Parameters,1,0,
356,4,30,1,Parameters,1,0,
358,4,30,1,Parameters,1,0,
359,4,30,1,Parameters,1,0,
361,4,30,1,Parameters,1,0,
363,4,30,1,Parameters,1,0,
366,4,30,1,Parameters,1,0,
368,4,30,1,Parameters,1,0,
370,4,30,1,Parameters,1,0,
372,4,30,1,Parameters,1,0,
377,4,30,1,Parameters,1,0,
379,4,30,1,Parameters,1,0,
380,4,30,1,Parameters,1,0,
381,4,30,1,Parameters,1,0,
382,4,30,1,Parameters,1,0,
383,4,30,1,Parameters,1,0,
384,4,30,1,Parameters,1,0,
386,4,30,1,Parameters,1,0,
387,4,30,1,Parameters,1,0,
388,4,30,1,Parameters,1,0,
390,4,30,1,Parameters,1,0,
391,4,30,1,Parameters,1,0,
392,4,30,1,Parameters,1,0,
394,4,30,1,Parameters,1,0,
400,4,30,1,Parameters,1,0,
418,4,30,1,Parameters,1,0,
426,4,30,1,Parameters,1,0,
5,5,20,0,SubTotal,1,0,
6,5,20,0,SubTotal,1,0,
8,5,20,0,SubTotal,1,0,
9,5,20,0,SubTotal,1,0,
10,5,20,0,SubTotal,1,0,
11,5,20,0,SubTotal,1,0,
12,5,20,0,SubTotal,1,0,
13,5,20,0,SubTotal,1,0,
14,5,20,0,SubTotal,1,0,
15,5,20,0,SubTotal,1,0,
16,5,20,0,SubTotal,1,0,
17,5,20,0,SubTotal,1,0,
18,5,20,0,SubTotal,1,0,
21,5,20,0,SubTotal,1,0,
23,5,20,0,SubTotal,1,0,
25,5,20,0,SubTotal,1,0,
26,5,20,0,SubTotal,1,0,
28,5,20,0,SubTotal,1,0,
29,5,20,0,SubTotal,1,0,
30,5,20,0,SubTotal,1,0,
32,5,20,0,SubTotal,1,0,
34,5,20,0,SubTotal,1,0,
36,5,20,0,SubTotal,1,0,
38,5,20,0,SubTotal,1,0,
40,5,20,0,SubTotal,1,0,
42,5,20,0,SubTotal,1,0,
43,5,20,0,SubTotal,1,0,
44,5,20,0,SubTotal,1,0,
46,5,20,0,SubTotal,1,0,
47,5,20,0,SubTotal,1,0,
48,5,20,0,SubTotal,1,0,
50,5,20,0,SubTotal,1,0,
51,5,20,0,SubTotal,1,0,
52,5,20,0,SubTotal,1,0,
54,5,20,0,SubTotal,1,0,
55,5,20,0,SubTotal,1,0,
56,5,20,0,SubTotal,1,0,
57,5,20,0,SubTotal,1,0,
58,5,20,0,SubTotal,1,0,
59,5,20,0,SubTotal,1,0,
60,5,20,0,SubTotal,1,0,
61,5,20,0,SubTotal,1,0,
63,5,20,0,SubTotal,1,0,
64,5,20,0,SubTotal,1,0,
65,5,20,0,SubTotal,1,0,
66,5,20,0,SubTotal,1,0,
67,5,20,0,SubTotal,1,0,
77,5,20,0,SubTotal,1,0,
80,5,20,0,SubTotal,1,0,
83,5,20,0,SubTotal,1,0,
84,5,20,0,SubTotal,1,0,
86,5,20,0,SubTotal,1,0,
88,5,20,0,SubTotal,1,0,
90,5,20,0,SubTotal,1,0,
94,5,20,0,SubTotal,1,0,
95,5,20,0,SubTotal,1,0,
98,5,20,0,SubTotal,1,0,
99,5,20,0,SubTotal,1,0,
101,5,20,0,SubTotal,1,0,
103,5,20,0,SubTotal,1,0,
104,5,20,0,SubTotal,1,0,
109,5,20,0,SubTotal,1,0,
111,5,20,0,SubTotal,1,0,
113,5,20,0,SubTotal,1,0,
115,5,20,0,SubTotal,1,0,
116,5,20,0,SubTotal,1,0,
117,5,20,0,SubTotal,1,0,
119,5,20,0,SubTotal,1,0,
121,5,20,0,SubTotal,1,0,
124,5,20,0,SubTotal,1,0,
126,5,20,0,SubTotal,1,0,
128,5,20,0,SubTotal,1,0,
130,5,20,0,SubTotal,1,0,
131,5,20,0,SubTotal,1,0,
133,5,20,0,SubTotal,1,0,
135,5,20,0,SubTotal,1,0,
137,5,20,0,SubTotal,1,0,
138,5,20,0,SubTotal,1,0,
139,5,20,0,SubTotal,1,0,
140,5,20,0,SubTotal,1,0,
141,5,20,0,SubTotal,1,0,
143,5,20,0,SubTotal,1,0,
144,5,20,0,SubTotal,1,0,
145,5,20,0,SubTotal,1,0,
146,5,20,0,SubTotal,1,0,
147,5,20,0,SubTotal,1,0,
149,5,20,0,SubTotal,1,0,
152,5,20,0,SubTotal,1,0,
153,5,20,0,SubTotal,1,0,
154,5,20,0,SubTotal,1,0,
156,5,20,0,SubTotal,1,0,
158,5,20,0,SubTotal,1,0,
160,5,20,0,SubTotal,1,0,
162,5,20,0,SubTotal,1,0,
163,5,20,0,SubTotal,1,0,
165,5,20,0,SubTotal,1,0,
167,5,20,0,SubTotal,1,0,
168,5,20,0,SubTotal,1,0,
170,5,20,0,SubTotal,1,0,
171,5,20,0,SubTotal,1,0,
173,5,20,0,SubTotal,1,0,
176,5,20,0,SubTotal,1,0,
178,5,20,0,SubTotal,1,0,
180,5,20,0,SubTotal,1,0,
182,5,20,0,SubTotal,1,0,
184,5,20,0,SubTotal,1,0,
186,5,20,0,SubTotal,1,0,
188,5,20,0,SubTotal,1,0,
190,5,20,0,SubTotal,1,0,
192,5,20,0,SubTotal,1,0,
194,5,20,0,SubTotal,1,0,
196,5,20,0,SubTotal,1,0,
198,5,20,0,SubTotal,1,0,
200,5,20,0,SubTotal,1,0,
202,5,20,0,SubTotal,1,0,
204,5,20,0,SubTotal,1,0,
206,5,20,0,SubTotal,1,0,
208,5,20,0,SubTotal,1,0,
210,5,20,0,SubTotal,1,0,
211,5,20,0,SubTotal,1,0,
213,5,20,0,SubTotal,1,0,
215,5,20,0,SubTotal,1,0,
216,5,20,0,SubTotal,1,0,
218,5,20,0,SubTotal,1,0,
220,5,20,0,SubTotal,1,0,
222,5,20,0,SubTotal,1,0,
224,5,20,0,SubTotal,1,0,
226,5,20,0,SubTotal,1,0,
228,5,20,0,SubTotal,1,0,
230,5,20,0,SubTotal,1,0,
232,5,20,0,SubTotal,1,0,
233,5,20,0,SubTotal,1,0,
235,5,20,0,SubTotal,1,0,
237,5,20,0,SubTotal,1,0,
238,5,20,0,SubTotal,1,0,
240,5,20,0,SubTotal,1,0,
241,5,20,0,SubTotal,1,0,
242,5,20,0,SubTotal,1,0,
243,5,20,0,SubTotal,1,0,
245,5,20,0,SubTotal,1,0,
247,5,20,0,SubTotal,1,0,
248,5,20,0,SubTotal,1,0,
249,5,20,0,SubTotal,1,0,
250,5,20,0,SubTotal,1,0,
251,5,20,0,SubTotal,1,0,
254,5,20,0,SubTotal,1,0,
255,5,20,0,SubTotal,1,0,
256,5,20,0,SubTotal,1,0,
258,5,20,0,SubTotal,1,0,
260,5,20,0,SubTotal,1,0,
262,5,20,0,SubTotal,1,0,
264,5,20,0,SubTotal,1,0,
266,5,20,0,SubTotal,1,0,
268,5,20,0,SubTotal,1,0,
269,5,20,0,SubTotal,1,0,
271,5,20,0,SubTotal,1,0,
276,5,20,0,SubTotal,1,0,
278,5,20,0,SubTotal,1,0,
280,5,20,0,SubTotal,1,0,
282,5,20,0,SubTotal,1,0,
284,5,20,0,SubTotal,1,0,
290,5,20,0,SubTotal,1,0,
293,5,20,0,SubTotal,1,0,
294,5,20,0,SubTotal,1,0,
295,5,20,0,SubTotal,1,0,
297,5,20,0,SubTotal,1,0,
299,5,20,0,SubTotal,1,0,
300,5,20,0,SubTotal,1,0,
301,5,20,0,SubTotal,1,0,
303,5,20,0,SubTotal,1,0,
305,5,20,0,SubTotal,1,0,
307,5,20,0,SubTotal,1,0,
309,5,20,0,SubTotal,1,0,
313,5,20,0,SubTotal,1,0,
315,5,20,0,SubTotal,1,0,
317,5,20,0,SubTotal,1,0,
319,5,20,0,SubTotal,1,0,
321,5,20,0,SubTotal,1,0,
322,5,20,0,SubTotal,1,0,
324,5,20,0,SubTotal,1,0,
326,5,20,0,SubTotal,1,0,
328,5,20,0,SubTotal,1,0,
329,5,20,0,SubTotal,1,0,
331,5,20,0,SubTotal,1,0,
333,5,20,0,SubTotal,1,0,
334,5,20,0,SubTotal,1,0,
336,5,20,0,SubTotal,1,0,
337,5,20,0,SubTotal,1,0,
339,5,20,0,SubTotal,1,0,
340,5,20,0,SubTotal,1,0,
343,5,20,0,SubTotal,1,0,
344,5,20,0,SubTotal,1,0,
345,5,20,0,SubTotal,1,0,
346,5,20,0,SubTotal,1,0,
347,5,20,0,SubTotal,1,0,
348,5,20,0,SubTotal,1,0,
350,5,20,0,SubTotal,1,0,
351,5,20,0,SubTotal,1,0,
353,5,20,0,SubTotal,1,0,
354,5,20,0,SubTotal,1,0,
355,5,20,0,SubTotal,1,0,
356,5,20,0,SubTotal,1,0,
358,5,20,0,SubTotal,1,0,
359,5,20,0,SubTotal,1,0,
361,5,20,0,SubTotal,1,0,
363,5,20,0,SubTotal,1,0,
366,5,20,0,SubTotal,1,0,
368,5,20,0,SubTotal,1,0,
370,5,20,0,SubTotal,1,0,
372,5,20,0,SubTotal,1,0,
377,5,20,0,SubTotal,1,0,
379,5,20,0,SubTotal,1,0,
380,5,20,0,SubTotal,1,0,
381,5,20,0,SubTotal,1,0,
382,5,20,0,SubTotal,1,0,
383,5,20,0,SubTotal,1,0,
384,5,20,0,SubTotal,1,0,
386,5,20,0,SubTotal,1,0,
387,5,20,0,SubTotal,1,0,
388,5,20,0,SubTotal,1,0,
390,5,20,0,SubTotal,1,0,
391,5,20,0,SubTotal,1,0,
392,5,20,0,SubTotal,1,0,
394,5,20,0,SubTotal,1,0,
400,5,20,0,SubTotal,1,0,
418,5,20,0,SubTotal,1,0,
426,5,20,0,SubTotal,1,0,
5,6,20,0,GrandTotal,1,0,
6,6,20,0,GrandTotal,1,0,
8,6,20,0,GrandTotal,1,0,
9,6,20,0,GrandTotal,1,0,
10,6,20,0,GrandTotal,1,0,
11,6,20,0,GrandTotal,1,0,
12,6,20,0,GrandTotal,1,0,
13,6,20,0,GrandTotal,1,0,
14,6,20,0,GrandTotal,1,0,
15,6,20,0,GrandTotal,1,0,
16,6,20,0,GrandTotal,1,0,
17,6,20,0,GrandTotal,1,0,
18,6,20,0,GrandTotal,1,0,
21,6,20,0,GrandTotal,1,0,
23,6,20,0,GrandTotal,1,0,
25,6,20,0,GrandTotal,1,0,
26,6,20,0,GrandTotal,1,0,
28,6,20,0,GrandTotal,1,0,
29,6,20,0,GrandTotal,1,0,
30,6,20,0,GrandTotal,1,0,
32,6,20,0,GrandTotal,1,0,
34,6,20,0,GrandTotal,1,0,
36,6,20,0,GrandTotal,1,0,
38,6,20,0,GrandTotal,1,0,
40,6,20,0,GrandTotal,1,0,
42,6,20,0,GrandTotal,1,0,
43,6,20,0,GrandTotal,1,0,
44,6,20,0,GrandTotal,1,0,
46,6,20,0,GrandTotal,1,0,
47,6,20,0,GrandTotal,1,0,
48,6,20,0,GrandTotal,1,0,
50,6,20,0,GrandTotal,1,0,
51,6,20,0,GrandTotal,1,0,
52,6,20,0,GrandTotal,1,0,
54,6,20,0,GrandTotal,1,0,
55,6,20,0,GrandTotal,1,0,
56,6,20,0,GrandTotal,1,0,
57,6,20,0,GrandTotal,1,0,
58,6,20,0,GrandTotal,1,0,
59,6,20,0,GrandTotal,1,0,
60,6,20,0,GrandTotal,1,0,
61,6,20,0,GrandTotal,1,0,
63,6,20,0,GrandTotal,1,0,
64,6,20,0,GrandTotal,1,0,
65,6,20,0,GrandTotal,1,0,
66,6,20,0,GrandTotal,1,0,
67,6,20,0,GrandTotal,1,0,
77,6,20,0,GrandTotal,1,0,
80,6,20,0,GrandTotal,1,0,
83,6,20,0,GrandTotal,1,0,
84,6,20,0,GrandTotal,1,0,
86,6,20,0,GrandTotal,1,0,
88,6,20,0,GrandTotal,1,0,
90,6,20,0,GrandTotal,1,0,
94,6,20,0,GrandTotal,1,0,
95,6,20,0,GrandTotal,1,0,
98,6,20,0,GrandTotal,1,0,
99,6,20,0,GrandTotal,1,0,
101,6,20,0,GrandTotal,1,0,
103,6,20,0,GrandTotal,1,0,
104,6,20,0,GrandTotal,1,0,
109,6,20,0,GrandTotal,1,0,
111,6,20,0,GrandTotal,1,0,
113,6,20,0,GrandTotal,1,0,
115,6,20,0,GrandTotal,1,0,
116,6,20,0,GrandTotal,1,0,
117,6,20,0,GrandTotal,1,0,
119,6,20,0,GrandTotal,1,0,
121,6,20,0,GrandTotal,1,0,
124,6,20,0,GrandTotal,1,0,
126,6,20,0,GrandTotal,1,0,
128,6,20,0,GrandTotal,1,0,
130,6,20,0,GrandTotal,1,0,
131,6,20,0,GrandTotal,1,0,
133,6,20,0,GrandTotal,1,0,
135,6,20,0,GrandTotal,1,0,
137,6,20,0,GrandTotal,1,0,
138,6,20,0,GrandTotal,1,0,
139,6,20,0,GrandTotal,1,0,
140,6,20,0,GrandTotal,1,0,
141,6,20,0,GrandTotal,1,0,
143,6,20,0,GrandTotal,1,0,
144,6,20,0,GrandTotal,1,0,
145,6,20,0,GrandTotal,1,0,
146,6,20,0,GrandTotal,1,0,
147,6,20,0,GrandTotal,1,0,
149,6,20,0,GrandTotal,1,0,
152,6,20,0,GrandTotal,1,0,
153,6,20,0,GrandTotal,1,0,
154,6,20,0,GrandTotal,1,0,
156,6,20,0,GrandTotal,1,0,
158,6,20,0,GrandTotal,1,0,
160,6,20,0,GrandTotal,1,0,
162,6,20,0,GrandTotal,1,0,
163,6,20,0,GrandTotal,1,0,
165,6,20,0,GrandTotal,1,0,
167,6,20,0,GrandTotal,1,0,
168,6,20,0,GrandTotal,1,0,
170,6,20,0,GrandTotal,1,0,
171,6,20,0,GrandTotal,1,0,
173,6,20,0,GrandTotal,1,0,
176,6,20,0,GrandTotal,1,0,
178,6,20,0,GrandTotal,1,0,
180,6,20,0,GrandTotal,1,0,
182,6,20,0,GrandTotal,1,0,
184,6,20,0,GrandTotal,1,0,
186,6,20,0,GrandTotal,1,0,
188,6,20,0,GrandTotal,1,0,
190,6,20,0,GrandTotal,1,0,
192,6,20,0,GrandTotal,1,0,
194,6,20,0,GrandTotal,1,0,
196,6,20,0,GrandTotal,1,0,
198,6,20,0,GrandTotal,1,0,
200,6,20,0,GrandTotal,1,0,
202,6,20,0,GrandTotal,1,0,
204,6,20,0,GrandTotal,1,0,
206,6,20,0,GrandTotal,1,0,
208,6,20,0,GrandTotal,1,0,
210,6,20,0,GrandTotal,1,0,
211,6,20,0,GrandTotal,1,0,
213,6,20,0,GrandTotal,1,0,
215,6,20,0,GrandTotal,1,0,
216,6,20,0,GrandTotal,1,0,
218,6,20,0,GrandTotal,1,0,
220,6,20,0,GrandTotal,1,0,
222,6,20,0,GrandTotal,1,0,
224,6,20,0,GrandTotal,1,0,
226,6,20,0,GrandTotal,1,0,
228,6,20,0,GrandTotal,1,0,
230,6,20,0,GrandTotal,1,0,
232,6,20,0,GrandTotal,1,0,
233,6,20,0,GrandTotal,1,0,
235,6,20,0,GrandTotal,1,0,
237,6,20,0,GrandTotal,1,0,
238,6,20,0,GrandTotal,1,0,
240,6,20,0,GrandTotal,1,0,
241,6,20,0,GrandTotal,1,0,
242,6,20,0,GrandTotal,1,0,
243,6,20,0,GrandTotal,1,0,
245,6,20,0,GrandTotal,1,0,
247,6,20,0,GrandTotal,1,0,
248,6,20,0,GrandTotal,1,0,
249,6,20,0,GrandTotal,1,0,
250,6,20,0,GrandTotal,1,0,
251,6,20,0,GrandTotal,1,0,
254,6,20,0,GrandTotal,1,0,
255,6,20,0,GrandTotal,1,0,
256,6,20,0,GrandTotal,1,0,
258,6,20,0,GrandTotal,1,0,
260,6,20,0,GrandTotal,1,0,
262,6,20,0,GrandTotal,1,0,
264,6,20,0,GrandTotal,1,0,
266,6,20,0,GrandTotal,1,0,
268,6,20,0,GrandTotal,1,0,
269,6,20,0,GrandTotal,1,0,
271,6,20,0,GrandTotal,1,0,
276,6,20,0,GrandTotal,1,0,
278,6,20,0,GrandTotal,1,0,
280,6,20,0,GrandTotal,1,0,
282,6,20,0,GrandTotal,1,0,
284,6,20,0,GrandTotal,1,0,
290,6,20,0,GrandTotal,1,0,
293,6,20,0,GrandTotal,1,0,
294,6,20,0,GrandTotal,1,0,
295,6,20,0,GrandTotal,1,0,
297,6,20,0,GrandTotal,1,0,
299,6,20,0,GrandTotal,1,0,
300,6,20,0,GrandTotal,1,0,
301,6,20,0,GrandTotal,1,0,
303,6,20,0,GrandTotal,1,0,
305,6,20,0,GrandTotal,1,0,
307,6,20,0,GrandTotal,1,0,
309,6,20,0,GrandTotal,1,0,
313,6,20,0,GrandTotal,1,0,
315,6,20,0,GrandTotal,1,0,
317,6,20,0,GrandTotal,1,0,
319,6,20,0,GrandTotal,1,0,
321,6,20,0,GrandTotal,1,0,
322,6,20,0,GrandTotal,1,0,
324,6,20,0,GrandTotal,1,0,
326,6,20,0,GrandTotal,1,0,
328,6,20,0,GrandTotal,1,0,
329,6,20,0,GrandTotal,1,0,
331,6,20,0,GrandTotal,1,0,
333,6,20,0,GrandTotal,1,0,
334,6,20,0,GrandTotal,1,0,
336,6,20,0,GrandTotal,1,0,
337,6,20,0,GrandTotal,1,0,
339,6,20,0,GrandTotal,1,0,
340,6,20,0,GrandTotal,1,0,
343,6,20,0,GrandTotal,1,0,
344,6,20,0,GrandTotal,1,0,
345,6,20,0,GrandTotal,1,0,
346,6,20,0,GrandTotal,1,0,
347,6,20,0,GrandTotal,1,0,
348,6,20,0,GrandTotal,1,0,
350,6,20,0,GrandTotal,1,0,
351,6,20,0,GrandTotal,1,0,
353,6,20,0,GrandTotal,1,0,
354,6,20,0,GrandTotal,1,0,
355,6,20,0,GrandTotal,1,0,
356,6,20,0,GrandTotal,1,0,
358,6,20,0,GrandTotal,1,0,
359,6,20,0,GrandTotal,1,0,
361,6,20,0,GrandTotal,1,0,
363,6,20,0,GrandTotal,1,0,
366,6,20,0,GrandTotal,1,0,
368,6,20,0,GrandTotal,1,0,
370,6,20,0,GrandTotal,1,0,
372,6,20,0,GrandTotal,1,0,
377,6,20,0,GrandTotal,1,0,
379,6,20,0,GrandTotal,1,0,
380,6,20,0,GrandTotal,1,0,
381,6,20,0,GrandTotal,1,0,
382,6,20,0,GrandTotal,1,0,
383,6,20,0,GrandTotal,1,0,
384,6,20,0,GrandTotal,1,0,
386,6,20,0,GrandTotal,1,0,
387,6,20,0,GrandTotal,1,0,
388,6,20,0,GrandTotal,1,0,
390,6,20,0,GrandTotal,1,0,
391,6,20,0,GrandTotal,1,0,
392,6,20,0,GrandTotal,1,0,
394,6,20,0,GrandTotal,1,0,
400,6,20,0,GrandTotal,1,0,
418,6,20,0,GrandTotal,1,0,
426,6,20,0,GrandTotal,1,0,
1036,0,30,1,ActivityCode,,,
1036,1,26,1,Description,,,
1036,2,24,1,Applicable Period,,,
1036,3,24,1,RFA Period,,,
1036,10,12,1,Sub.Date,,,
1036,11,12,1,Cat.,,,
1036,14,3,1,UOM,,,
1036,15,10,1,Type,,,
1036,16,7,2,SaleQty,,,
1036,17,10,2,SaleVal,,,
1036,18,7,2,Prmt.Qty,,,
1036,19,10,2,Prmt.Val,,,
1036,20,7,2,Tax%,,,
1036,21,10,2,TaxAmt,,,
1036,22,7,2,RebtQty,,,
1036,23,10,2,Rebt.Val,,,
1036,1,30,1,CompanyName,1,1,
1036,2,70,1,Address,1,0,
1036,4,30,1,Parameters,1,0,
1032,0,27,1,ActivityCode,,,
1032,1,26,1,Description,,,
1032,2,26,1,Applicable Period,,,
1032,3,26,1,RFA Period,,,
1032,5,12,1,Sub.Date,,,
1032,6,12,1,Outlet Code,,,
1032,7,25,1,Name of Outlet,,,
1032,8,20,1,Channel Type,,,
1032,9,20,1,Outlet Type,,,
1032,10,15,1,Loyalty Program,,,
1032,12,10,2,RFA Value,,,
1032,1,30,1,CompanyName,1,1,
1032,2,70,1,Address,1,0,
1032,3,30,1,ReportName,1,0,
1032,4,30,1,Parameters,1,0,
1032,5,20,1,SubTotal,1,1,
1032,6,20,1,GrandTotal,1,1,
399,0,3,1,Category,,,
399,1,10,1,Item Code,,,
399,2,20,1,Item Name,,,
399,3,5,1,Sale Price,,,
399,4,10,1,Quantity,,,
399,5,15,1,Gross Amount(rs.),,,
399,17,10,1,TOTAL DIS,,,
399,18,10,1,Sales Tax Value(rs.),,,
399,19,20,1,Total(rs.),,,
399,1,30,1,CompanyName,1,1,
399,2,70,1,Address,1,0,
399,4,30,1,Parameters,1,0,
399,5,3,2,SubTotal,1,17,
399,6,3,0,GrandTotal,1,17,
1183,0,30,1,DSType,0,,
1183,1,15,0,Total No. of DS,0,,
1183,2,20,2,Variable Points,0,,
1183,3,20,0,Fixed,0,,
1183,4,10,0,Mobility,0,,
1183,5,10,1,DS ID,0,,
1183,6,40,1,DS Name,0,,
1183,8,15,1,Cat Group,0,,
1183,9,15,0,No.ofDaysWorked,0,,
1183,10,15,2,Variable Points,0,,
1183,11,10,0,Fixed,0,,
1183,12,10,0,Mobility,0,,
1183,1,30,1,CompanyName,1,1,
1183,2,70,1,Address,1,0,
1183,3,70,1,ReportName,1,0,
1183,4,30,1,Parameters,1,0,
1181,0,30,1,TLType,0,,
1181,1,15,0,Total No. of TL,0,,
1181,2,20,0,Fixed,0,,
1181,3,20,0,Mobility,0,,
1181,4,15,1,TL ID,0,,
1181,5,50,1,TL Name,0,,
1181,7,30,0,Fixed,0,,
1181,8,20,0,Mobility,0,,
1181,1,30,1,CompanyName,1,17,
1181,2,70,1,Address,1,0,
1181,3,70,1,ReportName,1,0,
1181,4,30,1,Parameters,1,0,
218,15,12,0,MRPPerPack,,,
220,20,12,0,MRPPerPack,,,
222,18,12,0,MRPPerPack,,,
170,14,12,0,MRPPerPack,,,
30,21,12,0,MRPPerPack,,,
290,10,12,0,MRPPerPack,,,
926,7,12,0,MRP Per Pack,,,
857,33,12,0,MRP Per Pack,,,
289,6,18,1,DocNumber,,,
289,9,7,1,CustomerID,,,
1000,0,10,1,Category,,,
1000,1,15,0,BS,,,
1000,2,15,0,CS,,,
1000,3,15,0,FVAN-10,,,
1000,4,15,0,FVAN-11,,,
1000,5,15,0,FVAN-12,,,
1000,6,15,0,FVAN-2,,,
1000,7,15,0,FVAN-3,,,
1000,8,15,0,FVAN-4,,,
1000,9,15,0,FVAN-5,,,
1000,10,15,0,FVAN-6,,,
1000,11,15,0,FVAN-7,,,
1000,12,15,0,FVAN-8,,,
1000,13,15,0,FVAN-9,,,
1000,14,15,0,LCVAN-1,,,
1000,15,15,0,Other Sales,,,
1000,16,15,0,PPVAN-1,,,
1000,17,15,0,PPVAN-2,,,
1000,18,15,0,SS,,,
1000,19,15,0,STVAN-1,,,
1000,20,15,0,STVAN-2,,,
1000,21,15,0,STVAN-3,,,
1000,22,15,0,STVAN-4,,,
1000,23,15,0,STVAN-5,,,
1000,24,15,0,STVAN-6,,,
1000,25,25,0,GrandTotal,,,
1000,1,30,1,CompanyName,1,1,
1000,2,70,1,Address,1,0,
1000,4,30,1,Parameters,1,0,
289,10,40,1,CustomerName,,,
289,11,12,1,SalesmanName,,,
289,19,20,1,Toll.Coll.Amt,,,
289,1,30,1,CompanyName,1,1,
289,2,70,1,Address,1,0,
289,4,30,1,Parameters,1,0,
628,24,11,1,Total On Hand Qty,,,
628,28,10,1,Item Code,,,
628,29,10,1,Item Name,,,
628,1,30,1,CompanyName,1,1,
628,2,70,1,Address,1,0,
628,4,30,1,Parameters,1,0,
